BE,AF
의사,의학
전문의,의학
치과,의학
위생,의학
정보처리,정보처리
토목,토목
복지,복지
운전,운전면허
1종,운전면허
대형,운전면허
운송,운전면허
건축,건축
교장,교육
교감,교육
교육,교육
교원,교육
교직,교육
교사,교육
학교,교육
교실,교육
해기사,해기사
항해사,해기사
환경,환경
항공,항공
간호,간호
보험,보험
상담,상담
안전,안전
화공,화공
통신,통신
변호,법
법무,법
구조,구조
회계,회계
조리,조리
병리,병리
손해,손해
폐기물,폐기물
통역,통역
컴퓨터,컴퓨터
워드,컴퓨터
웹,컴퓨터
장례,장례
설비,설비
감정평가,감정평가
소음,소음
잠수,잠수
중개,중개
경비,경비
조주,조주
세무,세무
치료,치료
용접,용접
관세,관세
자산,자산
요양,요양
도선,도선
호텔,호텔
노무,노무
기록,기록
안마,안마
방사선,방사선
식품,식품
조경,조경
임상,임상
청능,청능
양장,양장
교통,교통
청소년,청소년
보석,보석
변리,변리
미용,미용
정보보안,정보보안
여행,여행
행정,행정
바리스타,바리스타
커피,바리스타
영양,영양사
에너지,에너지
사진,사진
주택,주택
방수,방수
제빵,제빵
산림,산림
경영,경영
학예,학예
지적,지적
배관,배관
화약,화약
피부,피부
사서,사서
출판,출판
스쿠버,스킨스쿠버
금융,금융
한약,한약
재활,재활
양복,양복
안경,안경
화학,화학
종자,종자
시스템,정보시스템
정비,정비
신용,신용
사회,사회조사
토익,어학
어학,어학
도배,도배
이용,이용
승강기,승강기
보일러,보일러
포토샵,포토샵
기계,기계
건설,건설
문화재,문화재
제과,제과
보조기,보조기
위험물,위험물
전기,전기
전자,전자
