없음,33892
학생,770
회사원,695
주부,621
사무직,462
자영업,455
판매직,224
연구원,213
교사,181
간호사,173
거절,168
학원강사,150
사무원,146
공무원,141
서비스업,132
농업,131
생산직,127
동일,111
사회복지사,110
판매업,109
서비스직,103
은행원,101
대학생,95
용접공,91
전업주부,87
항해사,87
군인,80
영업직,79
무직,76
선장,74
판매원,74
유치원교사,69
강사,69
직업군인,67
학생(없다),67
보험설계사,63
농사,61
교수,60
디자이너,59
미용사,53
경리사무원,52
무응답,50
건설업,49
제조업,46
의류판매원,46
전임강사,46
대학시간강사,45
시간강사,43
개인사업,43
택시기사,42
영업,40
목수,40
대학원생,40
의사,39
프로그래머,38
일용직,37
영업사원,37
경리,36
건설일용직,35
배관공,33
간호조무사,33
대학조교,31
기자,31
단순노무직,30
대학교수,30
건설 일용직,29
회계사무원,28
보육교사,28
택배기사,27
변호사,27
총무사무원,27
유치원 교사,26
사무,26
엔지니어,25
개발자,25
일반사무직,24
미장공,24
금형원,24
대학강사,24
물리치료사,23
택시운전사,23
조리사,23
바리스타,23
영양사,23
유통업,23
재단사,23
토목기사,22
직장인,22
기능직,22
가정주부,22
웹디자이너,22
택시운전,22
기관사,22
경리 사무원,21
운동선수,21
동일함,21
요리사,21
배달원,21
자동차 영업사원,21
건축기사,21
호텔리어,21
운전기사,21
초등교사,20
피부관리사,20
운수업,20
일반간호사,19
마케터,18
주방보조,18
식당운영,18
아나운서,17
자동차정비원,17
선반공,17
선박조립원,17
철근공,17
행정사무원,17
전기기사,16
배우,16
건축업,16
프리랜서,16
회사원(사무직),15
재봉사,15
응답거절,15
수의사,15
택시운전원,15
자동차영업사원,15
판매,15
일반회사원,15
서비스,14
대학교 조교,14
미싱사,14
비서,14
판매종사자,14
사무직 회사원,14
경리직,14
건설노동자,14
건축설계,14
인테리어,13
선원,13
청소원,13
증권사무원,13
의류판매직,13
농구선수,13
영어강사,13
마트판매원,13
학습지교사,13
의류 판매원,12
현재와 동일,12
어린이집교사,12
자동차정비,12
도배,12
판매서비스직,12
판금원,12
미술학원강사,12
기계설계,12
금융업,11
요식업,11
음식점 자영업,11
건설현장직,11
연극배우,11
건설현장 일용직,11
트럭기사,11
자동차정비사,11
상담사,11
자동차 정비,11
식당,11
슈퍼운영,11
판매서비스,11
작가,11
상업,10
약사,10
자영업자,10
연구보조원,10
어린이집 보육교사,10
운전,10
금융사무원,10
마케팅,10
일반경찰,10
배구선수,10
휴대폰 판매원,10
은행사무원,10
조교,10
총무 사무원,10
기간제 교사,10
교도관,10
보험판매원,10
설계사,10
군인장교,10
건설회사,10
기간제교사,10
알바,9
동일직업,9
사무종사자,9
기계조작원,9
가수,9
경호원,9
PD,9
기계조립원,9
학습지 교사,9
태권도 사범,9
운전직,9
그래픽 디자이너,9
법원공무원,9
레지던트,9
사업,9
여행사무원,9
선생님,9
그래픽디자이너,9
식당서빙,9
운송업,9
운송사무원,9
건축설계사,9
해외영업,9
컨설턴트,9
의류판매업,9
의류판매,9
도배공,9
학원선생님,9
기술직,8
무역사무원,8
경찰공무원,8
일반 간호사,8
헤어디자이너,8
체육교사,8
축구선수,8
애니메이터,8
전자회사,8
조연출,8
편집디자이너,8
리서치 회사원,8
음식점,8
농부,8
단조원,8
교직원,8
생산관리,8
여행사,8
학원 강사,8
방송작가,8
웹디자인,8
생산관리 사무원,8
감리,8
페인트공,8
정비사,8
조감독,8
건설회사 직원,8
패턴사,8
트럭운전원,8
자동차 정비사,8
학원운영,8
임상병리사,8
품질관리,8
일반공무원,8
번역가,8
여행가이드,8
버스기사,8
전공의,8
가전제품 판매원,7
음향기사,7
보험영업,7
매장판매원,7
과외교사,7
공인중개사,7
미술교사,7
용접원,7
자동차 정비원,7
택배,7
노무직,7
목공,7
제조업 생산직,7
방사선사,7
웨이터,7
컴퓨터 프로그래머,7
직업 군인,7
심리상담사,7
어린이집 교사,7
매장판매직,7
아르바이트,7
사서,7
보험영업직,7
박물관 학예사,7
음식배달원,7
마트 판매원,7
항공정비사,7
회계원,7
취부사,7
촬영기사,7
유치원 선생님,7
정치인,7
수영강사,7
신문기자,7
품질관리 사무원,7
사무직 사무원,7
석공,7
화가,7
여행사 직원,7
자동차 부품 조립원,7
소방관,7
사무보조,7
수리원,7
식당업,7
안경사,7
생산직 회사원,6
통계조사원,6
제빵사,6
자영업(구체적 거절),6
연구직,6
의류디자이너,6
전기공사,6
엑스트라,6
토목설계,6
편의점 판매원,6
전기기술자,6
영어교사,6
국어교사,6
마케팅사무원,6
섬유생산직,6
연구조교,6
작곡가,6
카피라이터,6
가사도우미,6
행정직,6
무역업,6
선수,6
건축,6
파출부,6
교육공무원,6
소프트웨어 개발자,6
매장 판매원,6
판매사원,6
생산직 사원,6
사무관리직,6
텔레마케터,6
같음,6
회계사,6
패션디자이너,6
해당없음,6
정당인,6
시각디자이너,6
네트워크 엔지니어,6
직업상담사,6
기획자,6
일반 사무직,6
경비원,6
웹프로그래머,6
리포터,6
막노동,6
경찰,6
상점판매원,6
교감,6
요양보호사,6
방수공,6
세관공무원,6
건설직,6
도배사,6
군의관,6
스포츠강사,6
제약회사 영업사원,6
무,6
무용수,6
관리직,6
호텔 사무원,6
트럭운전,6
시설관리,6
보험 영업,6
서빙,6
택배원,6
병원근무,5
회사원(경리사무원),5
주방보조원,5
건설현장,5
광고회사,5
건설 현장직,5
모델,5
자동차 부품조립원,5
펀드매니저,5
사무직원,5
자영업(식당),5
무역회사 사무원,5
사무행정,5
대학 교수,5
인테리어 디자이너,5
영어학원강사,5
핸드폰 판매원,5
마케팅 사무원,5
건축사,5
군법무관,5
트럭운전기사,5
보험 판매원,5
대학 조교,5
트레이너,5
응답 거절,5
콘크리트공,5
가구판매원,5
대학 강사,5
조적공,5
통계사무원,5
식당 운영,5
신발제조업 생산직,5
운전원,5
철골공,5
자동차 수리공,5
화사원,5
중등교사,5
기술,5
제조업 사무직,5
"자영업,식당",5
건설노무직,5
미술강사,5
여행사사무원,5
조종사,5
식품연구원,5
임상심리사,5
MD,5
건설회사 사무원,5
단열공,5
사무경리,5
이발사,5
농업인,5
백화점 판매원,5
음식점 운영,5
일반 공무원,5
시인,5
전도사,5
사진작가,5
헬스트레이너,5
한의사,5
타일시공,5
사무관리,5
회계업무,5
인쇄업,5
전기공,5
생산관리사무원,5
자동차 영업,5
일반회사 사무직,5
영업판매원,5
자동차 검사원,4
야구선수,4
화물차운전원,4
자영업(구체적으로 거절),4
기계 시험원,4
건설,4
같은 기업인,4
큐레이터,4
없음(학생),4
손해사정사,4
무역회사 사무직,4
철물점,4
경영지원 사무원,4
슈퍼,4
음식조리원,4
스포츠 강사,4
의류 판매직,4
항공승무원,4
일반 회사원,4
보험영업원,4
슈퍼마켓운영,4
어업,4
자영업(과일가게),4
마트 계산원,4
프레스공,4
캐셔,4
소프트웨어개발자,4
대학 시간 강사,4
상담원,4
마을버스기사,4
통역사,4
경리업무,4
작곡,4
한식조리사,4
보험 설계사,4
군인(헬기조종사),4
생산직 근로자,4
방송국 근무,4
설비,4
병동 간호사,4
단순노무,4
미장,4
건설사 직원,4
자동차정비기사,4
개인택시,4
보험설계,4
신발제조기계조작원,4
자영업(식당운영),4
버스운전기사,4
일반사무원,4
조리사보조,4
방과후 교사,4
사무행정직,4
치과위생사,4
옷판매원,4
기술영업,4
홍보사무원,4
방송제작,4
연구교수,4
평교사,4
철물점 운영,4
여행사 근무,4
생산관리직,4
학생(무직),4
전기안전관리자,4
성우,4
잡지기자,4
일반교사,4
화장품 판매원,4
어부,4
설계,4
회사사무직,4
시간 강사,4
학원,4
총무,4
비파괴검사원,4
건설노동,4
가사,4
첫직장,4
건설기술자,4
회계,4
가전A/S기사,4
홀서빙,4
기계제조업공무직,4
양복점,4
컴퓨터프로그래머,4
리서치 연구원,4
세일즈,4
없다(학생),4
마트계산원,4
써빙,4
인턴,4
트럭운전사,4
회사 사무원,4
안전관리자,4
보험영업사원,4
콜센터,4
전기공사업,4
체육강사,4
구두수선,4
노가다,4
병동간호사,4
옷가게 운영,4
샷시공,4
초등학교 교사,4
관리사무원,4
소매업,4
호텔컨시어지,4
제품디자이너,4
화장품 연구원,4
치위생사,4
계산원,4
네일아티스트,4
신문사,4
여행사 운영,4
자재사무원,4
학원교사,4
상품판매원,3
기계조립,3
장사,3
미술학원 강사,3
어린이집 원장,3
회사원(제조업),3
목사,3
건축가,3
행정직공무원,3
교육강사,3
미용,3
자동차 제조업,3
설계업무,3
체육관 사범,3
메이크업 아티스트,3
의상실,3
품질관리자,3
식당경영,3
게임그래픽디자이너,3
공장 생산직,3
전기,3
행정 일반 공무원,3
단순노무자,3
배달업,3
보험,3
인테리어기사,3
미용업,3
"항해사,선장",3
운전수,3
가구제작,3
제약회사,3
방과후교사,3
판매알바,3
통신장비기사,3
언론인,3
응급구조사,3
은행직원,3
대학교직원,3
일식 조리사,3
박사후연구원,3
음식점 서빙,3
교원,3
자영업(슈퍼운영),3
사무직회사원,3
옷가게 점원,3
보험 영업사원,3
기계설비,3
직장인(사무직),3
건축시공,3
가이드,3
환경엔지니어링,3
편집 디자이너,3
배달직,3
초등학교교사,3
섬유회사 기계조작원,3
화장품판매,3
자영업(도소매),3
숙박업,3
연극인,3
인쇄사 기술직,3
경영사무원,3
해당 없음,3
도서관 사서,3
매장계산원,3
중장비기사,3
학예사,3
휴대폰판매원,3
카메라감독,3
놀이치료사,3
택시운전기사,3
제조업 현장직,3
체육관 운영,3
미술학원 운영,3
시스템엔지니어,3
상담교사,3
병원 간호사,3
코웨이 코디,3
정육점,3
연구개발,3
컴퓨터 프로그램 개발,3
연주자,3
회사원(상세히는 거절),3
행정공무원,3
프로그램 개발자,3
내선전공,3
콜센터 상담사,3
산업디자이너,3
언어치료사,3
QA,3
개발팀장,3
음향엔지니어,3
중위,3
배선전공,3
품질관리원,3
신발판매원,3
병원간호사,3
유통 판매,3
판매종사원,3
증권회사 직원,3
광고디자인,3
시설관리직,3
경영기획 사무원,3
인터넷설치기사,3
토목기술자,3
논농사,3
귀금속 세공원,3
단순제조원,3
안전관리사,3
도매업,3
건설회사 사무직,3
환경관리,3
설비기사,3
음악선생님,3
식당종업원,3
시각디자인,3
선박항해사,3
자동차수리원,3
보험사 근무,3
신문사 근무,3
전기설계,3
국회의원,3
내선전기공,3
학교 교사,3
판매서비스업,3
연출가,3
유치원 보조교사,3
봉제원,3
게임프로그래머,3
초등 교사,3
건축설비,3
체육지도자,3
주방장,3
방문판매원,3
평생,3
안무가,3
회사원(거절),3
용접사,3
회사원(판매직),3
건축석공,3
시스템 엔지니어,3
경영관리자,3
일반회사 사무원,3
공장직원,3
게임기획자,3
회사원(사무원),3
버스운전,3
현재와 동일함,3
유치원원감,3
섬유회사,3
화물차 운전,3
농업(벼농사),3
영상편집,3
전기수리공,3
환경영향평가,3
동일하다,3
노무자,3
인사사무원,3
전기업,3
자동차 영업원,3
축산업,3
휴대폰 판매,3
화물차기사,3
회사원(구체적으로 거절),3
수학교사,3
출판업,3
피아노 학원강사,3
실내건축디자이너,3
음악학원장,3
제약회사 연구원,3
자동차조립원,3
초등학교 방과후 교사,3
금융회사,3
자동차영업,3
음식배달,3
군 조종사,3
한복제조원,3
개인자영업,3
자동차부품 조립원,3
판매직사원,3
조선소,3
탁구선수,3
금속가공 조작원,3
유치원선생님,3
국어선생님,3
웨딩플래너,3
광고기획자,3
건설회사 일용직,3
현장노무직,3
과일판매직,3
정비기사,3
PC방 운영,3
동물병원 간호사,3
어린이집 선생님,3
피아노강사,3
조경사,3
대학병원 전공의,3
임대업,3
없다(무직),3
포크레인 기사,3
광고디자이너,3
회계사무직,3
서버관리,3
자동차딜러,3
금형,3
카페매니저,3
사진관운영,3
포크레인기사,3
영어학원 강사,3
유리시공,3
SI개발,3
코팅원,3
통신업,3
미술학원 선생님,3
회사원(영업직),3
건설현장일용직,3
경찰관,3
응용프로그래머,3
경영지원,3
운전학원강사,3
병원사무직,3
지게차 기사,3
박물관 연구원,3
해기사,3
관세공무원,3
사진사,3
세탁소운영,3
쥬얼리 디자이너,3
카페알바,3
자재관리,3
총무부 사무원,3
자동차 정비기사,3
자동차부품조립원,3
통신,3
전산업무,3
여행사 가이드,3
S/W개발,3
도장기 조작원,3
퀵서비스,3
네일아트,3
버스운전원,3
화장품판매원,3
영업관리,3
설계엔지니어,3
건설현장 잡부,3
대기업 사무직,3
행정 사무원,3
마케팅연구원,2
은행,2
금속기계 조작원,2
전문직,2
배관수리공,2
공인 중개사,2
합기도 사범,2
타이어기계조작원,2
비파괴 검사원,2
공무원(5급),2
신경과의사,2
농사지음,2
포워더,2
중국어강사,2
입시학원 강사,2
식당 주방,2
사법연수원생,2
검안사,2
과일가게 운영,2
생활체육지도자,2
초등학교 기간제 교사,2
생산직(구체적으로 거절),2
"회사원,사무직",2
자동차수리공,2
자영업(판매직),2
컴퓨터수리기사,2
법무사,2
전기내선설치기사,2
도로운송사무원,2
사진촬영,2
슈퍼계산원,2
편의점 아르바이트,2
유도선수,2
금속가공기계조작원,2
변동없음,2
인사과 사무원,2
선박기관사,2
제조업 관리자,2
태권도 선수,2
전업 주부,2
자동차 정비업,2
전기내선공,2
예술가,2
식당보조원,2
홍보대행사,2
구의원,2
매장매니저,2
원양어선 선원,2
음식점 종업원,2
기계 설비,2
마트 배달원,2
연기자,2
제조업 경리,2
고등학교 교사,2
소프트웨어 엔지니어,2
매장점주,2
생산직사원,2
문화재 연구원,2
전기배선공,2
편집인,2
APT 경비원,2
커피숍 운영,2
건설업 사무직,2
의류회사 사무직,2
연구원(동일),2
건물관리사,2
공군,2
상선 항해사,2
마케팅관련 사무원,2
사무직(재무),2
화장품연구원,2
회사원(구체적 거절),2
아이돌보미,2
컴퓨터 수리,2
SI,2
외판원,2
상장회사 임원,2
음악학원 운영,2
요리학원 강사,2
육묘사,2
정육점판매원,2
영화감독,2
전자제품 판매원,2
타일공,2
건축설계사무소근무,2
보건행정직,2
선반기능사,2
승무원,2
사무직 근로자,2
웹 엔지니어,2
기간제 영어교사,2
노점상,2
사무직(경리사무원),2
박사 후 연구원,2
동종업계근무,2
화훼,2
반도체,2
도배 장판 시공,2
토목공사,2
식당운영(자영업),2
리사무장,2
계약직 공무원,2
가전제품 수리원,2
연구자,2
공예강사,2
행사기획,2
건설현장관리원,2
해당없다,2
식품제조,2
잠수사,2
포장실,2
부두하역원,2
경영기획,2
기계조립기사,2
군무원,2
전산사무직,2
의상디자이너,2
보험사무원,2
자동차 정비공,2
어린이집조리사,2
웹마스터,2
총무과 직원,2
특수학교 교사,2
부선장,2
학생졸업후 계속,2
섬유자영업,2
수산업,2
농업(농사),2
보안업체,2
신발조립원,2
무역회사 회사원,2
배달기사,2
동일 직업,2
자영업(의류판매업),2
위험관리원,2
연극조연출,2
상품 판매원,2
증권사 근무,2
평론가,2
기획사무원,2
택시 기사,2
콜센터 상담원,2
자동차 부품 제조업체,2
정보통신,2
컴퓨터A/S,2
회로설계,2
구두 판매원,2
설치기사,2
박물관연구원,2
오토바이 배달원,2
무역,2
단순노동,2
.,2
전문의,2
자동차영업원,2
마트판매사원,2
기획 사무원,2
소방공무원,2
식당(자영업),2
댄서,2
컴퓨터수리원,2
생산직직원,2
레지던스,2
아파트경비원,2
유통자영업,2
단순 제조원,2
마취의사,2
리서처,2
고객상담사,2
수학강사,2
요리강사,2
양복 제조업,2
마케팅 영업,2
검사,2
슈퍼마켓 운영,2
체육관운영,2
공장생산직,2
행정사무직,2
건설회사 관리자,2
생활지도원,2
유치원원장,2
미술학원 교사,2
코디네이터,2
안전관리기사,2
대학교 행정조교,2
DBA,2
학생(대학원),2
데이터 분석가,2
외항선선장,2
학습지 선생님,2
야간보호교사,2
건설회사 사원,2
샷시,2
냉동 정비,2
출판사 대표,2
금융계,2
생산관리자,2
컴퓨터학원강사,2
공연제작,2
여행사 관리자,2
호텔근무,2
증권업,2
부동산,2
건설회사 현장직,2
기술영업직,2
어린이집원장,2
재경팀직원,2
편의점 알바,2
마트 캐셔,2
영어 강사,2
시각 디자이너,2
프로듀서,2
의류 판매,2
부주방장,2
유통업체 영업직,2
토목견적원,2
대학교 강사,2
사회단체 활동가,2
미술학원운영,2
중앙고속집배원(T&S합병),2
회사사무원,2
제조 생산직,2
서비스종사자,2
조경업,2
제품디자인,2
자영업 판매,2
중소기업 경리직,2
지도자,2
의류회사 사무원,2
영상그래픽 디자이너,2
공작 기계조작원,2
현장관리직,2
곡물기계조작원,2
여행사 사무원,2
일반행정공무원,2
운전업,2
타일,2
여행사운영,2
학예보조원,2
방문교사,2
공기업 사무직,2
판매직(영업사원),2
샤시,2
공공기관근무,2
전자회사 직원,2
카페 서빙,2
사무업무,2
방재기사,2
공익법무관,2
책영업,2
사진관,2
보조교사,2
공공기관 연구원,2
NGO,2
임업,2
사무직 직장인,2
지휘자,2
관광회사,2
행정업무,2
부군수,2
사회교사,2
전자부품 생산직,2
첫직업,2
베이비시터,2
조명기사,2
전산직 사무원,2
체대입시학원강사,2
음식업,2
사회단체활동가,2
매니져,2
학습매니저,2
투자심사역,2
대학전임강사,2
공연기획,2
수술실 간호사,2
현대자동차 자동차 조립원,2
광고 디자이너,2
출판사,2
통신사,2
간판제작원,2
기계회사 생산직,2
도자기 제작 업무,2
영업관리사무원,2
사진기사,2
생산관리 사무직,2
IT기획자,2
화물차운전기사,2
항공정비,2
"회사원,생산직",2
소형마트 계산원,2
사업준비,2
교육서비스업,2
현장관리,2
부사관,2
섬유기계조작원,2
전기공사(내선공사),2
신문사 기자,2
보일러 설비기사,2
항공 관련업,2
생수배달업,2
건설현장 노가다,2
패스트푸드 매니저,2
섬유 생산직,2
화물차 운전원,2
공기업 직원,2
가전제품A/S기사,2
대학연구원,2
카페운영,2
잡지사 근무,2
공장근로자,2
마트운영,2
미술치료사,2
건설회사 운영자,2
웅진코웨이 코디,2
자동차 부품 생산직,2
기계수리,2
총무과 사무직,2
컨설팅 사무원,2
화물차운전,2
음식점운영,2
행정직 사무원,2
가구점운영,2
중장비 기사,2
세차장직원,2
중국어 강사,2
식당자영업,2
준공무원,2
웨딩홀직원,2
가전기사,2
일반기계 조립원,2
자동차판매,2
주류배달,2
매장영업,2
택시 운전기사,2
철도 기관사,2
건설회사원,2
판매영업,2
서빙알바,2
노가대,2
애견미용사,2
에널리스트,2
레크레이션 강사,2
건물청소원,2
가죽제품 보조원,2
휴대폰매장 판매원,2
귀금속가공원,2
인턴연구원,2
행정관리자,2
검찰공무원,2
미생물 연구원,2
건축구조설계,2
상선항해사,2
미술작가,2
심리학강사,2
식당 써빙,2
배달(오토바이),2
경영지원부 사무원,2
사진편집디자이너,2
전기회사,2
세일즈맨,2
한식당운영,2
증권사 사무원,2
무역업무,2
화장품 외판원,2
제조원,2
여행사직원,2
음료제조기계조작원,2
자영업(판매),2
RF Engineer,2
창호공,2
서비스업(구체적 거절),2
금속기계조작원,2
양복재단,2
건설관련 직업,2
부동산업,2
금융인,2
자동차 외판원,2
PC수리기사,2
인테리어 설계,2
고교 국어교사,2
매장진열 판매원,2
대기업 회사원,2
수학학원강사,2
전기공사기사,2
소형트럭운전원,2
대형마트 계산원,2
전문강사,2
건설현장 노무직,2
오토바이배달,2
사회조사전문가,2
실내 인테리어 기사,2
기계조립공,2
CG,2
잡부,2
인테리어디자이너,2
경리사원,2
회사원(연구원),2
3D모델링,2
통신판매원,2
자동차 세일즈,2
식당알바,2
미술학원원장,2
영업직(의류),2
재무관리자,2
무용강사,2
부동산 중개인,2
비서실근무,2
자영업(철물점),2
하드웨어 개발자,2
소프트웨어 프로그래머,2
자재관리원,2
유통판매원,2
건설회사 토목기사,2
제과점근무,2
과일판매원,2
핸드폰판매원,2
플로리스트,2
증권사 사무직,2
아동복지센터 복지사,2
성악,2
우유대리점,2
횟집 운영,2
백화점 판매사원,2
사무원(총무사무원),2
해양경찰,2
포토그래퍼,2
광고회사 카피라이터,2
악기판매,2
개발원,2
설계 엔지니어,2
화물기사,2
자유업,2
데이터관리자,2
연구소 연구원,2
방송구성작가,2
내선전기설치원,2
일반비서,2
의류수선,2
신발 제조 기계조작원,2
의류업,2
건설업직원,2
양장점,2
전산개발자,2
방송인,2
IT개발자,2
타이어 기계 조작원,2
미용강사,2
현직업,2
재무팀 직원,2
편의점 운영,2
가전 A/S기사,2
홍보마케팅사무원,2
병원,2
컨테이너 기사,2
IT 개발연구원,2
기계공,2
"공장,식당,주방",2
청원경찰,2
기계엔지니어,2
자동차판매원,2
자영업(슈퍼마켓),2
인테리어 기사,2
리서치연구원,2
토목,2
화장품 영업사원,2
용접,2
검사원,2
전기원,2
의료관광코디네이터,2
사무직(일반),2
군 헬기조종사,2
사무보조원,2
철공,2
품질관리사무원,2
금속공작기계조작원,2
교육 공무원,2
전산실근무,2
데이터 분석,2
마트점원,2
송전기사,2
트럭 운전원,2
응용소프트웨어 개발자,2
육류기계조작원,2
에어컨 설치기사,2
실내디자이너,2
관광버스 운전기사,2
현재와동일,2
공연기획자,2
식당(서비스직),2
공장,2
회사,2
의류 판매업,2
연습생,2
영상관련 회사원,2
사진관 운영,2
중학교 교사,2
구성작가,2
논술강사,2
금은방,2
회계 사무원,2
씨름선수,2
법률사무직,2
웨이트리스,2
사무장,2
양복점 운영,2
건설사 회사원,2
기업체관리직,2
컴퓨터,2
청소년지도사,2
산림조합,2
"생산직,회사원",2
운전사,2
해군,2
건설회사 경리사무원,2
"자영업,슈퍼마켓운영",2
자동차부품 기계조작원,2
소위,2
항공지상직,2
감독,2
주부(없다),2
특수교사,2
자동차 정비 기사,2
영사기사,2
현장직,2
호텔지배인,2
염색공장,2
식당 서빙,2
감사 사무원,2
마을버스운전기사,2
미용실 운영,2
레스토랑 매니저,2
호텔종사원,2
1,2
단순노무원,2
구두디자인,2
신발제조조립원,2
의류사업,2
청소업,2
가구판매,2
금속가공기계 조작원,2
부동산중개업,2
한복제조,2
사범,2
동종업,2
자영업(슈퍼),2
기계 설계,2
기계가공,2
광고회사 근무,2
S/W 개발자,2
레스토랑 지배인,2
만화학원강사,2
통신감리,2
택시 운전원,2
판매 서비스직,2
방문 판매원,2
공정엔지니어,2
컨설팅,2
중등기간제교사,2
가구디자이너,2
프로그램개발,2
법무팀 사무원,2
폐기물 환경 사업소,2
서비스 판매직,2
대학생(없다),2
AD,2
중소기업 회사원,2
의료장비기사,2
폐기물처리기사,2
SW 프로그래머,2
태권도강사,2
같은직업,2
자재관리 사무원,2
웹개발자,2
도장공,2
직업군인(해군),2
개인사업자,2
화학교사,2
식품회사 생산직,2
정보처리기사,2
영상 디자이너,2
판매직원,2
경리 사무직,2
엘레베이터 정비,2
협력사 직원,2
꽃집운영,2
판매직(의류),2
배달,2
보일러기사,2
취업준비생,2
자동차 조립원,2
외식업,2
웹기획,2
게임기획,2
이용사,2
마케팅업무,2
호텔 안내원,2
조립원,2
"항해사, 선장",2
첫직장임,2
작업치료사,2
경리사무직,2
디자이너(패션소품),2
의복제조기계조작원,2
주택관리사,2
주유원,2
소형마트 상품 진열원,2
섬유재조기능직,2
의류매장 판매원,2
조교수,2
전기공사자영업,2
식당 서빙원,2
만화가,2
보일러 A/S기사,2
결혼상담사,2
캐드원,2
연구개발직,2
자동차부품,2
전기공사직,2
회사 사무직,2
웹퍼블리셔,2
일반사무업무,2
화장품판매사원,2
기상캐스터,2
아트디렉터,2
법원 공무원,2
대리운전,2
이사,2
극작가,2
토목 설계,2
연구원(개발),2
기획팀,2
식당 자영업,2
매장 점주,2
바텐더,2
전업사,2
독서지도사,2
편의점알바,2
사무 종사자,2
기능공,2
교육자,2
음료기계조작원,2
유통 자영업,2
일반 경찰관,2
귀금속 가공원,2
학예연구사,2
제조업체,2
뮤지션,2
법률사무원,2
구두방,2
의무기록사,2
경매기록보조원,2
판매 서비스,2
포장원,2
현재동일,2
노무사무원,2
전산,2
건물관리원,2
보험회사,2
공작기계조작원,2
지하철청소,2
코치,2
소설가,2
국책연구원 전산직,1
행정실공무원,1
체육인,1
축구선수 활동,1
제조업회사원,1
근로자(다른직종),1
산업장 간호사,1
촉재가톱날 영업업무,1
전자부품회사 유통업,1
숙박업(호텔),1
마트 서비스직,1
청소,1
엔진시험팀 오퍼레이터,1
전작기사,1
건설회사 건축현장소장,1
"회사원, 영업부",1
보험영업업무,1
현직업과 동일,1
음향감독-방송후반작업,1
연구 본조직( 보조 연구원),1
계약직 사무원,1
영상디자이너,1
전기공사 시공 및 관리,1
자동차관련일은 했다고 함(구체적거절),1
전자부품 생산기계조작원,1
"학원강사, 어린이집 교사",1
"기계, 영업업무",1
식품회사 생산직 근무,1
악세사리 유통업,1
연구원(하드웨어 엔지니어),1
철공공,1
악세서리 판매업,1
"생산, 설비",1
신문사 교열기자,1
건설회사 기사,1
방송실 아나운서,1
매장문화재 조사원(고고학자),1
도예가,1
중소기업 재료기계부분(기술부)영업,1
"유통업, 식당",1
서비스업(판매직),1
고무개발연구원,1
금형기계조작원,1
심리치료사,1
자동차 판매직,1
회사원 (가전제품as기사),1
온라인광고 기획AE,1
무용수와 선생님,1
전기설비공,1
조경사업,1
생산직(화학가공기계조작원),1
제주도립무용단 단원,1
"피부비만관리실장, 3교대근무(간호사)",1
사무원(자재사무원),1
주유소 소장,1
망고식스,1
제지회사 영업팀,1
대기업 기계연구원,1
수퍼마켓운영,1
"학원강사, 청소년 상담사",1
제약리서치 컨설턴트,1
배수리,1
공기관임원(한국공항공사 사장),1
"광고회사, 마케팅조사전문가",1
교정관,1
증권사 주식운용부 사무직,1
리스크 매니저,1
유통/서비스(휴대폰매장),1
시각디자인업체 디자인부 근무,1
미용실보조,1
방역업체근무,1
IT제품판매,1
"방사선 안전관리, 품질관리",1
카센터직원,1
기획팀사무원,1
학생(박사과정),1
설계사(FIP),1
"학원강사, 공부방",1
레크레이션강사,1
조명스탭,1
회사원(판금원),1
대학교 연구원,1
제조업(기계조작원),1
잡화류 소매업,1
건축설계사무소 근무,1
대학 교직원,1
동일업종 동일직종 근무,1
버스운전사,1
이삿짐센터,1
약국 보조원,1
컬러리스트(색채 전문가),1
정보통신회사 직원,1
편의점,1
피아노조립원,1
"하우스가이드, 하우스부 매니저",1
보험서비스판매원,1
회사원 생산직,1
준설업,1
제어계측설게사,1
CRM MARKETING,1
약학연구원,1
실내디자인,1
신발제조공장(생산직),1
운전직(트럭운전기사),1
기기분석사,1
현재와 같음,1
상수도 기획사무원,1
미용스텝(미용보조),1
사무직(보험회사),1
섬유직공,1
정보시스템 개발PM,1
일반사무직사무원,1
건설재 납품하는 회사 대표,1
생산직 -&gt; 기계 조작원,1
데이타 베이스 구축,1
KT직원,1
삼성반도체 테크니션,1
마트배달원,1
한식당,1
보험 + 자영업,1
구제품 의류 판매업,1
QC 및 노무관리,1
섬유제조직원,1
단열시공,1
미술심리 치료사,1
학생 연구원,1
식당운영(사장),1
공항 기계 제작,1
리조트회원관리,1
연구소연구원,1
호텔객실부사원,1
동시통역 프리랜서,1
s/w엔지니어,1
벽지영업,1
자재관리자.생산관리자,1
치어리더,1
"경영자, 기획자",1
병원 행정직 사무원,1
물류회사 기사,1
쪽가위,1
의류판매홈쇼핑,1
"생산, 공목",1
화물차,1
건축디자이너,1
자동차 부품 제조 관리직,1
출판사 영업직,1
카피라이터 (광고기획),1
노무직(현장작업직),1
금융사 인턴,1
의류 수출업,1
상담원 (간단 창구업무),1
마트 상품판매원,1
학예연구직 공무원,1
"자영업, 판매직",1
학교 보건실근무,1
커피숍,1
회사 사원,1
전산 응용 설계,1
"스팀 엔지니어(개발, 개선)",1
"사회선생님,교사",1
"자영업,판매",1
유리제조공,1
"반도체 배관, 알곤용접",1
무용학원강사,1
유통전략실 근무,1
코팅,1
의류자영업,1
"토목관련회사원,안전관리원",1
운동관련사무원,1
대학교조교,1
임기제 공무원,1
전자장비 TEST 및 정비,1
건축관련 사무원,1
금융영업업무,1
자동화검사,1
신발제조 기능직,1
부교수,1
신발 제조 조작원,1
건설회사(구체적으로 거절),1
"재무팀,해외영업,비행학술교관",1
"비서,자영업",1
안내업무,1
눈높이 교사,1
기업체 경영지원실 근무,1
생활용품판매 자영업,1
여행관련 관리자,1
제품 포장,1
생산직 근무,1
웹디지이너,1
수선사,1
삳담사,1
치과 기공사,1
서해관리,1
"떡공장 관리, 경리",1
어학계열 개인사업,1
"경리, 회계",1
의약품 판매사원,1
동일(서점판매),1
홍보 마케팅 사무원,1
판매 개인 사업자,1
인사팀,1
 브랜딩 디자이너,1
전기 안전 점검 직종,1
자동차 부품 기계 조작원,1
유통업체 아르바이트,1
사무직 사원,1
영화합성,1
"조리사, 자영업, 강사",1
제조회사 플라스틱제품 생산직,1
은행사무직,1
가전제품 대리점주,1
태권도공연,1
토목공무직원,1
동래구청장,1
크레인설치,1
촬영감독,1
구청장,1
학교 영양사,1
의류MD,1
음식료품 기계조작원,1
가전대리점(자영업),1
기계 제조업체 기술부,1
재고 관리 사무원,1
중장비,1
농약 잔류 연구원,1
놀이기구 운전,1
음료회사 생산직,1
일반 업체 관리업무,1
지상직 근무,1
평화홀딩스(주) 자금담당,1
방수업,1
패키지 디자이너,1
"자영업,꽃가게",1
석고보드공,1
"PC, 판례검색프로그램",1
공무원(행정),1
대신전기,1
건설 잡부,1
잡화판매원,1
시스템부기술지원,1
전자제품조립원,1
영상교육업체 운영자 (회사원),1
제조회사 품질사무원,1
주차장 운영,1
교육사업부 사원,1
신일제조업 생산직,1
대기업 경리사무원,1
관광가이드.,1
전자제품 제조업,1
건설현장직(구체적 거절함),1
디자이너(회사근무),1
유통판매자,1
폐기물처리연구직,1
제과기능사,1
쇼핑몰마케팅,1
금융종사자,1
pvc용접,1
학생이후계속,1
장애인 직업능력 평가사,1
시계회사,1
마케팅회사 사무원,1
타업체 브랜드,1
관광버스 운전원,1
화학제품생산원,1
약국전산원,1
기계운전직업,1
성악가,1
개발관리자,1
"전기, 소방시설관리",1
기업체 근무,1
"약품도매, 판매",1
전기엔지니어링,1
기계설비조작,1
오케이코랄(음식점),1
버스회사 운송사무원,1
전문하사,1
출판사 법무팀 직원,1
음식 서비스직,1
광고 에이전시 캐스팅 매니저,1
산업기계부품 조립원,1
조선소 내 기능직,1
식당 서비스업,1
동일 계통연구직,1
건설현장 작업 일용직,1
디자이너&amp;학생,1
아동체육의 지도자,1
물류센타 납품원,1
서점 판매원,1
사업장 폐기물 처리 관리자,1
선박설계,1
자동차 부품 기본시험 엔지니어,1
"직업군인, 엔지니어링회사",1
섬유회사 생산직,1
방송프로그램조연출,1
조업사 항공지상직(체크인 수속등),1
기타제조업,1
의류판매칠 매니저,1
신소재개발자,1
"출판사, 영업관리자",1
보습학원교사,1
시민사회 활동가,1
방과후 컴퓨터 강사,1
전자제품 생산직,1
꽃집경영 15년,1
야채배달원,1
"소방안전관리자, 미용",1
프로그래머(영상신호 알고리즘개발),1
제일 제당 대리점,1
문화분야 연구원,1
대기업 임원,1
알바(서비스업종),1
제빵원,1
유통업 배달직원,1
호텔리어(요리사),1
음식식당자영업,1
사무처 팀장,1
정보화 및 정보보안,1
채소가게 운영,1
다단계판매원,1
고교교사,1
회사원(음료업체 관리부 근무),1
커피숍서빙,1
방송 PD,1
물류관리사(인사업무 담당),1
화물차운전자,1
금세공,1
화장품 영업직,1
동일업종에 근무,1
엘지전자대리점 수리기사,1
"우유대리점,자영업",1
방송기술감독,1
무역회사 사무직(수출 서류 업무),1
도서영업사원,1
관광호텔지배인,1
직물 기계 조작원,1
자영업(제조업),1
행정사,1
훼리 승무원,1
회사원(기계설계),1
"제조업,생산직",1
중학교 기간제 영어교사,1
통신정비기사,1
국제협력,1
(주부)없다,1
호텔업무지원서비스(서비스직),1
전자제품조립용,1
드레스샵 직원,1
인테리어 디자인,1
기구설계,1
석공사 현장 관리자,1
애니메이션 동화,1
인터넷 기사,1
플라스틱제조 생산원,1
응용프로그램개발자,1
프로야구선수(투수),1
제조공장 생산직(구체적 거절),1
"은행원,창구업무",1
운동강사,1
쌀가게 배달원,1
특허법률사무원,1
보험판매,1
장비운전원,1
공사장노동자,1
"교사, 행정공무원",1
캐나다 소재의 건축사에서 코디네이터로 근무,1
"육회,식당운영",1
다이옥신분석,1
창업,1
건설엔지니어링,1
수산부인과 과장,1
IT관리자,1
폐광산 피해조사(광해방지),1
염료연구원,1
섬유 제조기계 조작원,1
전자회사(관리직),1
전기안전 점검,1
사무직(회사경리직),1
무역사무,1
슈퍼판매점원,1
유치원 보육교사,1
화장품가게 운영,1
부지점장,1
"만화가,애니메이터",1
스케이트선수,1
전기설비유지보수 업무에 종사,1
생명보험 설계사,1
공연 영상 연출가,1
경리.회계,1
학교 급식원,1
동일한 UI디자이너,1
태권도장 사범,1
자영업-의류판매업,1
자영업(옷가게),1
건설업(형틀목수),1
선박 항해사,1
자산관리원 전문계약원,1
교육업에 종사,1
건축노동,1
회사원(판매서비스직),1
(사무원),1
언론인(일간지),1
물류배송,1
건설기술인,1
제조회사 사무직,1
"출력실 담당, 3D FX아티스트, 리얼타임 그래픽 제너럴리스트",1
"회사근무,경리부 사무원",1
광고PD,1
제일내과부원장,1
방산업체,1
전기관련업,1
보정판매원,1
마트판매직,1
보안팀장,1
회사원(자동차관련),1
전기안전기사,1
매장판매업(아르바이트),1
"대학강사,문화센터 강사",1
논술학원 운영,1
퀵 서비스,1
컴퓨터 공대기술교육교수,1
"은행원,사무직",1
영양교사,1
섬유제조업체QC팀,1
문리학원운영,1
화학약품 판매사원,1
시설경비원,1
전략기획,1
자영업(횟집),1
개인가게사장,1
시스템개발자,1
피아노가게운영,1
자동차 카센터,1
"부품조립원,생산직",1
무역업무담당(해외영업),1
"웹,출판디자인",1
대형마트캐셔,1
구매관리,1
경리장교,1
가구 인테리어 디자이너,1
공예,1
이동 통신 서비스업,1
직업훈련학교 교사,1
공업 기계설치 및 정비,1
디지털 AE,1
구매직 사무원,1
비파괴 검사,1
고위공직자,1
자영업(전기재료판매),1
전화상담원,1
"교육, 훈련 사무원",1
"호텔,리조트,기획실 근무",1
제품관리 사무원,1
핸드폰판매,1
유통업체 물품 납품,1
전장시운전,1
Sw 개발,1
직장인(다른직종),1
서비스업(서빙),1
기업체 연구원(번역엄수),1
전기공사업체 기능공,1
천근공,1
자동차 제조공장,1
생산직(섬유제조회사),1
충무사무원,1
조선소 근무(용접공),1
심리사,1
"유통증, 소각로 ,환경기사",1
연구소장,1
해양수산연구,1
병원 응급구조사,1
여객버스 승무원,1
사업총괄부서,1
"식당,주방",1
아르바이트(PC방),1
플라스틱 기계 조립원,1
신발제조업 총무 관리 사무소,1
버드운전사,1
"상담사,콜센터",1
경찰관 경사,1
배관용,1
재무사무직,1
섬유업 생산업,1
판매서비스업종,1
보험회사사원,1
전산관리,1
연구원 (Post_Doc),1
음료제조기계조작원(롯데칠성),1
회사원(축산관련회사에 근무했다고만 함),1
재무회계,1
용달차 운전원,1
제조업 회계사무직,1
원양어선선장,1
건축설계원,1
생산 기술,1
기능장,1
오토바이배달원,1
영화마케터,1
행사 연출가,1
전기 설비공,1
"자동차부품조립공장,생산라인근무",1
인테리어 사무직원,1
통신회사근무,1
통신단말기수리원,1
반찬가게에서 반찬을 만듦,1
건설회사 자재 사무원,1
구두 수선원,1
간판일,1
상담(동일),1
롯데택배원,1
"상장회사 관리자(구매, 물류)",1
공무원(구체적으로는 거절),1
전자제품수리원,1
"사무직,경리",1
은행 사무 보조,1
보수센타 건물보수원,1
택배업,1
회사원(프로그램개발),1
반도체회사 영업담당 임원,1
자동차 수리업체 직원,1
대학교시간 강사,1
보석세공원,1
방송관련사무직사무원,1
식품가공업체,1
화학회사자재관리사무원,1
장례지도사,1
화학제품 생산기능원,1
공공기관 사무원,1
소믈리에,1
콘크리트운반,1
기계관련쪽일 했다,1
인테리어 사업(구체적 거절),1
지방공기업,1
식약처 연구원,1
화장품방문판매,1
자영업(식자재 도소매),1
한식당 주방보조,1
금형설계 기사,1
잡부(건설업),1
양봉원,1
음원 및 콘텐츠 유통업,1
음향감독,1
군인사무원,1
전자회사 개발실 연구원,1
회사원(다른 종류),1
자영업(영업)-&gt;농기계 제조 판매,1
편집디자인,1
유아 어린이집 선생님,1
재무컨설턴트,1
대학원생(무직),1
회사원 경리,1
식육점운영,1
동일 직업이었음,1
신발기게 운영,1
동종업계 타사,1
학급지교사,1
원전직,1
커피숍 계산원,1
야쿠르트배달,1
일반회사,1
광고회사 사진팀,1
"학원강사, IT 하드웨어 엔지니어",1
프로배구선수,1
제작피디,1
전자 엔지니어,1
기름 트럭 운전,1
은형경비,1
3D모델러 및 작가,1
사진 작가,1
양장디자이너,1
생산직(고무플라스틱 생산하는 회사),1
회사원(회계),1
소방안전점검,1
"흙,칼",1
조리바이러,1
첫직업이자 현재직업,1
컴퓨터 전문직,1
가전제품 A/S 기사,1
타이어 제조 생산직,1
사제,1
"사무직,회사원",1
고등학교 무용교사,1
식품영업소,1
유통업(구체적으로 거절했음),1
구멍가게운영(잡화),1
IT 계열 생산직(배터리),1
영상편집기사,1
회계팀 직원,1
치킨도매업,1
(섬유)회사원,1
마을버스 운전기사,1
"자재관리,재고관리, 보험설계사,배달",1
증권,1
편의점 자영업,1
"보조연구원,인턴연구원",1
공부중,1
분식점경영,1
회사원(사기업),1
"컨테이너 대여사업,랜탈사업",1
사료판매,1
금융업사무원,1
샘플실보조,1
"건축감리,회사원",1
"교감, 보도사",1
일용사무직,1
프리랜서 사교육교사,1
팩스설치원,1
전기감리사,1
웹 운영자,1
대학원샘,1
항공기 개발연구원,1
기계제조(캔),1
국립공원 관리원,1
화훼재배,1
"공군 방공무기 통제사,군인",1
서비스업. 기계판매,1
직전 직업 없음,1
신입입니다.,1
문화재 연구소 연구원,1
자동차부품제조 생산직원,1
디자인,1
타이어 필드 엔지니어,1
경리원,1
실크인쇄,1
고깃집 아르바이트,1
제조회사 모터기계 조작원,1
office Manager 관리자,1
코러스아르바이트,1
한식집,1
총무. 부동산,1
체육관 운영(태권도),1
생태조사원,1
대기업 직원(기술파트),1
"건설회사,현장직",1
생산조립원,1
보일러 제작,1
"사무직, 경리직",1
대학교수 및 연구소 근무,1
영업총괄업무(기술영업),1
"귀금속 서비스업,  판매",1
유통업 경리,1
공인중개신,1
서비스직(홀서빙),1
섬유생산근로자,1
"낚시기자(월간붕어), 무역회사 무역담당(수출)",1
CAE엔지니어,1
기획업부 회사원,1
건설회사일용직,1
해외영업 마케팅,1
서비스 종사원,1
LG전자 UX기획자,1
지자체 하수처리장 운용직,1
주유소 총무,1
소프트웨어 관리,1
농업(농부),1
실내전기공사,1
단순노무(단순노무직),1
보안관제,1
선박 사무직,1
사무행정직원(공단),1
하드웨어 엔지니어(h/w),1
훼밀리레스토랑 영양사,1
무대기술팀원,1
다른통신회사연구원,1
사범대학 교수,1
회계관리직,1
방과후 미술강사,1
자가용기사,1
고무플라스틱기계조작원,1
군인 및 군무원,1
여행상품판매원,1
소형가전 영업,1
"장약,발파공,전기선",1
총무 사무,1
빌딩시설관리,1
영화 감독,1
구매팀 사무원,1
목조건축,1
회사원(현장노무직),1
여행가이드책작가,1
화물운전,1
퀸산부인과과장,1
빌딩 전기설비 관리원,1
사우종사자,1
H/W 개발부 직원,1
대한건축학회 이사,1
금형기계 조작원,1
옷가게 판매원,1
풀무원,1
종신특수고무(고무회사),1
출판물 관련 업종 사무원,1
인테리어가게 운영,1
한식당 관리,1
같은 계통,1
건설사 공무부 사원,1
엘리베이터 생산기계 조립원,1
세무회계직,1
재단 보조,1
시설관리자,1
써비스,1
화실운영,1
자동차 부품 제조 생산 직원,1
"생산, 제조",1
컴퓨터 수리 재고관리 상담,1
국립발레단,1
"영업, 판매원",1
방파작업공,1
항공회사 통신업무,1
언어교육,1
조선수리기술자,1
컴퓨터강사,1
홈쇼핑운영,1
재판연구원,1
건설회사 현장 노무직,1
서비스업(선박)기관,1
물류 분류원,1
PCB생산직,1
구두판매점(수제화),1
대기업PC관련기사,1
실내 인테리어 작업,1
미장원에 근무,1
주부.,1
상품 관리및 진열원,1
중식 조리사,1
한식당(부페)근무,1
수간호사,1
채소 육모 재배연구사,1
"국립대조교, 대학원생, 국가연구기관 석박사연구원",1
디스플레이어 강사,1
대기업 경영팀 관리자,1
상점판매순,1
컴퓨터그래픽 디자이너,1
전기가전 제품 판매수리 에어컨.보일러 설치 수리,1
금형 조작,1
의류,1
공군 부사관(항공정비),1
"3D모델러, 웹 퍼블리셔",1
레미콘 영업,1
회사차량 운전,1
양복집근무,1
섬유영업,1
대기업 관리직,1
"금융, 상품 개발",1
가사보조원,1
은행 행정 업무,1
프라임테크,1
수산관련 연구원,1
건설업체 분양 사업팀 근무,1
섬유염색 기계조작원,1
전기철물점 운영,1
생선판매,1
영업관리직,1
베이링부품 생산직,1
이벤트회사 행사기획,1
편집자,1
건물시설관리,1
유리공,1
"개인경호원, 직업군인",1
"태권도시범,무술시범단원",1
건설관련,1
물류센터 직원,1
PC방 운영업,1
금융원(은행원),1
서울시공무원(서울 시립 아동 상담소),1
섬유직,1
물류배송기사,1
컴퓨터프로그래밍-ERP,1
cs안전관리요원,1
영양사 업무,1
컴퓨터 디자인,1
기업홍보마케팅,1
법률사무소,1
"공연관련직, 물류행정직,교육행정직",1
계속 병원에서 근무 했음,1
용역회사(청소원),1
"연극, 연출",1
"택시,운전",1
지게차기사,1
이벤트업체운영,1
용업업체 직원,1
다른 자영 (의류),1
이동통신장비 개발 및 A/S 기사,1
재물손해사정사,1
교도사,1
"교육업, 디자인연구",1
"경영및IOS컨설팅,교육컨설팅(대학생교육)",1
사무직(사무보조),1
제조 회사원,1
공공기관 행정사무원,1
사육사,1
"경호,보안직업",1
보일러기술직,1
과일가게,1
통신장비 개발자,1
제조업체회사원 사무직,1
세차장,1
"한전검침원, 수금원, 청구서 송달 - 한전 위탁원",1
연구조교수,1
실용음악선생님,1
건축직 공무원,1
운동처방사,1
QC오페레이더,1
시험원,1
"심리치료사,병원임상심리사",1
건축 현장 직원,1
사업발굴PM,1
"대학강사,대학연구소 연구원",1
"항공사 직원, 국제기구 직원",1
방과후 체육교실 강사,1
전기 설치 기술자,1
강사(대학교),1
동시녹음감독,1
"홈페이지 제작업체 근무, 동영상 촬영",1
크라운제과 생산직,1
교정직 6급,1
"방송진행 MC, 모델",1
화장품 품질관리 QC,1
음악연구자,1
도료 연구원,1
"자동차정비,기사",1
국내 숙박md,1
촬영팀원,1
새서울 가정의학과 부원장,1
전자회사 연구원,1
동종 회사원,1
간호사(병동근무),1
뉴스제작 조연출,1
옷가게,1
반찬가게판매원,1
건설회사 현장직(소장),1
배관 용접사,1
reservation part,1
현장 건설직,1
제약회사 사무원,1
자재관련 사무원,1
회사 실험실 연구원,1
"전기공사 업체,전기공사기사",1
무대연출스탭,1
사무직 보조,1
사무직 직원,1
"연구원, 현업전략/기획",1
"연극 배우 및 연출가, 극작가",1
상사 무역업무,1
잡지 편집위원,1
건설회사직원,1
식품개발 연구원,1
DQA,1
패스트푸드점 직원,1
마트사무직,1
드레스 디자이너,1
아파트 보안요원,1
수영장 관리,1
광고편집,1
제조업종사,1
전자회사 서비스센터 직원,1
"영업부,사원",1
"미술교사,코이카봉사 단원",1
건설단순종사,1
연기 강사 및 배우,1
사무직(여행사),1
온라인 쇼핑몰 운영,1
출판물마케팅업무,1
부설연구소,1
회사원(제조업 사무원),1
"커피숍운영,자영업",1
건설 현장 노무직,1
하수처리장 운영,1
당구장,1
사무직(경리),1
"대담자 상담지, 펜, 미술도구",1
제조업 경리 사무원,1
장애인 복지관 원무과 근무,1
HW engineer,1
고교 국어선생님,1
개인과외교사,1
네트워크비지니스,1
여성복디자이너,1
공장자동화(FA)프로그램 설계직,1
면세점 판매 담당,1
YBM 시사영어사,1
정보통신 관리직,1
축제기획자,1
자동차회사,1
원통 연삭.센타레스 연삭,1
PCB,1
대학졸업 후 동일 업종,1
화학공장사원,1
초등학교 교장,1
시스템 유지보수,1
호텔부지배인,1
정무직공무원,1
주점 서빙,1
구두매장판매직,1
가구회사다님,1
보험사,1
제품 디자이너,1
건축기계설비엔지니어,1
여론조사 관리,1
휴대폰 수리,1
이벤트회사 화훼장식가,1
건설회사 시공관리,1
전시디자이너,1
응담거절,1
전기 설치 기사,1
수송원,1
일반회사의 관리업무,1
"양식업,미역",1
건설노동자(3년),1
비디오 테이프 대여업,1
동아일보사 출판부,1
문화센터강사,1
농업(현 동일),1
조명 디자이너,1
일반내과 의사,1
방적공장 기계공,1
자영업(자동차부속대리점),1
학교보조교사,1
중소기업 경리 직원,1
전자제품회사 생산직 직원,1
증권회사 일반 직원,1
마트에서 판매 배달,1
용역회사 관리자,1
건설원,1
내과과장,1
배달부,1
환경연구원,1
건설일반공,1
자동차 생산직,1
음악과 겸임교수,1
회게사무소 사무원,1
앗세서리 자영업,1
기업체 사무직,1
식품조리원,1
"매장문화재 조사원(재단법인 5년근무),박물관 기간재 연구원4년",1
에넥스 관리직,1
농구교실코치,1
장례용품납품,1
직업상담,1
중매인,1
회사경리사무원,1
켄텐트 기획자,1
약품회사 자재관리,1
학교급식 관리자,1
일반행정직,1
중국어 관광 통역 안내사,1
옷(제조),1
광고회사 종사원,1
화학관련 연구직종사,1
단열시공원,1
반도체 공정 엔지니어,1
투자자문회사 종사,1
도시가스공사장,1
어린이스포츠단강사,1
대학교강사,1
호텔관련사무원,1
정보통신부,1
가구제작원,1
물류직원,1
식품(라면)영업,1
상동,1
화장품 미용연수,1
외항선 선원,1
일용직 단순노동,1
직장(회사원),1
음식점 서비스,1
산학협력단(계명문화대학)연구원,1
건설현장노동자,1
주류기계 조작원,1
자동차 부품공장,1
베이커리 점원,1
한원강사보조,1
제조업에서 생산직에 근무(구체적거절),1
시민단체 상근활동가,1
물류센타 물품운반직,1
직물공장에서 일함,1
장애인 복지시설 종사자,1
가죽모피 디자이너,1
기업체 행정 사무원,1
"식당보조, 서비스업",1
우유배달원,1
의류(거절),1
서비스업(영업),1
택배회사,1
자영업(플라스틱 사출),1
제과점,1
건축사 사무실 근무,1
사무직 - 교육프로그램 운영,1
이벤트행사 진행자,1
뉴스AD,1
무용 교사,1
일용노동자(일용직),1
조무사,1
덤프트럭 운송원,1
구두수선공,1
OAP디자이너,1
백화점 VIP 라운지,1
(주)코카콜라,1
정유회사 기획팀 사무직,1
국립 경주문화재 연구소 연구원,1
샷시설치하는일,1
재고관리사,1
구청공무원,1
기업사무직,1
체육학원강사,1
제약회사 생산기술 파트,1
댄스강사,1
pc 수리기사,1
학원 영어 강사,1
여행가,1
플래스텀 엔지니어(중공업),1
교수(휴직중),1
통신공사기사,1
관광버스운전원,1
주식 펀드 매니저(증권회사),1
식당 홀서빙,1
IT개발,1
"식량서비스업,서빙",1
선유기계조작원,1
현업계속,1
전장부품개발,1
인사과 사무직,1
내선전기 작업원,1
system engineer,1
영업관리(건설자재),1
회계관련업무,1
무용학원운영,1
시공회사(공사담당),1
아나운서/리포터,1
통신엔지니어,1
세차장청소원,1
전기공사 기사,1
타회사 디자인팀,1
인테리어 전기기사,1
수질검사 덤 사무원,1
개인회사 근무,1
제품생산원,1
금융상품 영업업무,1
농약회사원,1
백화점의류판매원,1
설비회사 회사원,1
음식점 배달원,1
육가공생산직,1
서비스업(수퍼마켓캐샤),1
신발가게 운영,1
굴삭기 운전,1
직접군인,1
제과제빵,1
회사원(내근사무직),1
"CCTV수리,LCD생산기술",1
광택기사,1
가발공장,1
"박물관 학예사, 대학교 시간 강사",1
LG 정도경영 TFT부사장,1
품질업무,1
수도 설비 보조,1
선원(갑판원),1
정보보안,1
수학교사. 방송구성작가,1
분식집운영,1
경륜경정클리닉 전문상담사,1
보험영업(설계사),1
해양조사및 시료분석,1
생명연구원,1
병원 원무과 직원,1
전산회로 개발팀,1
종합건설사 기사,1
NIA,1
"대학교수, 무용수",1
기타학원강사,1
자동차 부품 판매업,1
철도기관사,1
"웹, 패키지 디자이너",1
운수업(개인택시),1
서비스직(마트),1
케이블TV 송충실,1
건축공학기술자,1
착암기 기사,1
신발제조업체 생산직,1
공사장 잡부,1
외국근로자,1
일반회사 인사/총무/회계,1
보험상품판매원,1
대학교 행정 교직원,1
없다(전업주부),1
현장 기술자,1
"자동화 부품,생산공장",1
"항공서비스,에어코리아",1
A/S 기사,1
IT기업 임원,1
미용실 데스크,1
회계관련 종사자,1
전자제품 관리직,1
"신제형 개발, 업체 샘플 대응(미팅)",1
피아노 제작,1
모피회사 운영자,1
물류팀,1
에너지진단전문가(동일),1
관광 버스기사,1
제조 단순 노무원,1
학예보조원(일용직 근무자),1
미용서비스,1
전기 수리원,1
세무서,1
조선소 기술부,1
국제 포워딩,1
건설회사 공사 담당,1
상조회사 도우미,1
"리포터,전문MC",1
반자동 조립원,1
거래처 영업관리,1
자영업(식당운업),1
카페 매니저,1
건설회사의 시공관리(건축기사),1
비서사무직,1
화공약품 생산 기계조작원,1
이러닝 콘텐츠제작,1
타이어 제조회사 기능공,1
"전업주부, 파트타이머(모니터링)",1
기계부속품 판매사원,1
TM상담원,1
회사원(외국어강사),1
고교 교사,1
라이브 음향 엔지니어,1
페인트 대리점 운영,1
군 법무관,1
생산력,1
기계 정비 A/S기사,1
직업군인(하사관),1
어린이미술학원 운영,1
카페에서 커피 뽑는 일(커피머신),1
"임상심리 전문가로 일한지 17년됨,이전에는 대학원생",1
선박공,1
네일아트 숍 운영,1
분식집 자영업,1
경리과,1
회사경리사원,1
플랜트건설현장,1
호텔 서비스업,1
기업분석가,1
공업기계 조작원,1
제조업근무,1
연출부,1
"신발처방사, 의지보조기기사",1
건축회사 감리,1
플라스틱 금형제조,1
공공기관근로,1
도배 보조,1
디스플레이어 (동일),1
조작원,1
레저학과 교수,1
현대자동차,1
무역실무원,1
선박기계 조립원,1
"학원강사,구매 매입관리직",1
전업주주,1
"정육가공, 식품판매, 독서실관리,매장운영, 전산 등",1
"제조회사,사무직",1
직업군인(지속),1
현 동일 직종,1
"넥센타이어 품질팀,사무원",1
자동차부품생산,1
자산운용가,1
손해 사정사 직원,1
객실 승무원,1
속옷판매원,1
프렌차이즈 서빙원,1
산업용가스기계 제조원,1
제약영업사원,1
건설회사 관리사무소,1
팬매직,1
공공기관 직원,1
공부방 선생님,1
코디네이터(병원),1
잠수관련,1
"선생,교사",1
동일한 업무 수행,1
닥토설치원,1
박물관 직원,1
웨딩홀 주말알바,1
캐셔알바,1
건축캐드강사,1
일러스트 작가,1
검표원,1
군 공무원,1
주차표 징수원,1
"웹, 편집디자이너 병행중",1
일반기능직공무원,1
미싱재단사,1
배송업,1
"도.소매 판매업,옷",1
제조업(임가공),1
노가다(현장 일용직),1
공작기계설계사,1
택시운전기사(영업용),1
철근콘크리트공,1
일반기업마케팅담당,1
조선 수리업 사무직,1
웅진코웨이,1
책임연구원,1
반도체 연구원,1
마라톤 선수,1
방송관련 회사원,1
자동차영업직,1
선덕여자중학교 음악교사(기간제),1
전기설치원,1
경영학과 겸임교수,1
자영업(전자대리점),1
정보통신장비유지보수,1
유선통신 대통기사,1
조감독보조,1
수질사업운영 사무원,1
패션 소재 연구원,1
용접및 취부,1
옷가게자영업,1
고등학교 음악교사,1
악세서리 디자이너,1
영상편집 기사,1
"자영업,슈퍼 소매업",1
직업군인(대위),1
뮤직비디오 감독,1
통신장비 A/S기사,1
도슨트,1
자동화 부품회사 사무원,1
공사현장,1
방사선 기사,1
여행 사무원,1
안경도매업,1
출판사 편집원,1
온라인 신문사 기자,1
생명보험회사(대한교육보험),1
조경설계자,1
"패키지디자이너, 광고디자이너",1
미술심리치료사,1
피자메이터,1
자동차 회사 생산직,1
컴퓨터학원선생,1
사무기기 설치기사,1
복싱선수,1
교육강사 및 인원채용 영업 업무,1
토목측량기사,1
결혼 상담원,1
"캐드, 실험도구, 현미경",1
자동차 회사 설계 연구원,1
직전직업 현재직업과 동일함,1
특공무술사범,1
참치회 과장,1
(managing editor)편집장,1
"대표, 본부장",1
세무직공무원,1
건설업 관련 사무직,1
제조장비개발,1
컴퓨터AS기사,1
은행 전산담당,1
건설 사무원,1
회사원(일반 기업체),1
아가방 사무원,1
호텔안내,1
지역건강센터 연구원,1
군인(육군 항공 정비사),1
전자부품(디스플레이)연구원,1
"생산직 기계,회사원",1
뷔페 주방장,1
인터넷 쇼핑몰 운영,1
식품영양사,1
전기공학도,1
사단법인 협회 소속원,1
일본어교사,1
섬유회사 근무,1
관제사,1
교육업계 종사(기업교육 컨설팅 등),1
생산관리부,1
"신호, 전기통신",1
자동차부품회사 사무직,1
정보시스템 해외사업컨설팅 및 타당성 조사,1
"금융업, 운전기사",1
신발조립제조원,1
대학교 행정지원,1
요철영업,1
백화점 매장업무,1
노숙인사회복지사,1
"귀금속공예, 의류광고 편집디자인",1
"글쓰기,논술 교사(방문지도)",1
샷시공장다님,1
은행 금융영업,1
매장 점원,1
(singapore)레스토랑 웨이트리스,1
도로운송사무원(버스회사),1
잡화디자이너,1
"미술가,디자이너 등 예술계 종사자",1
호텔 영업원,1
영업사원(구체적으로는거절),1
제조업근로자,1
보험회사직원,1
판매사원(의류),1
건설분야 사무원,1
IT업계종사,1
공인회계사,1
무대세트 보조,1
취업준비,1
선박설계자,1
한국전자통신연구원 연구원,1
고객상담원,1
해석컨설팅,1
"인사,교육 담당 사무원",1
간호 (공무원),1
이전 직업없고 최초의 직업,1
절삭공구업체 근무,1
보안 장비 기사,1
조경직원(조경기사),1
운전업무(철도차량),1
조리실장,1
버섯농장,1
사기업 시운전,1
자영업(도매업),1
"건설,목수",1
물류관리원,1
건축자재운반,1
캐드 설계원,1
행정직(학교),1
회사영업사원,1
영업직(구체적 거절),1
"화장품,외판원",1
왁싱,1
CAD,1
측정기사,1
sales,1
금융권 재무설계사 및 텔러,1
경영지원팀 관리자,1
생산관련 사무원,1
건설단순업,1
도시철도기관사,1
컴퓨터 관련 업무,1
거절(제약회사 기술쪽),1
자영업(유통),1
직물공장검수원,1
통신상담직,1
생산직(설비 오퍼레이터),1
도배 기술직,1
제약업,1
유치원정교사,1
건축감리,1
내선공사(전기공),1
새마을금고,1
장학사,1
상수도 경영 사무원,1
"기획, 홍보",1
차량정비회사 영업부,1
기업체 사무직원,1
역무원,1
대기업 경영기획 사무원,1
회사CEO,1
언구원,1
의사레지던트,1
수처리연구원,1
자동차 튜닝,1
공업 기계설치,1
체육학원 운영(검도학원),1
생산제조직,1
건설현장노동,1
동일고무밸트 생산부분장(관리직),1
전기공사설치원,1
개인사업(광고제작),1
인쇄소 근무,1
무용가,1
설계 사무실,1
영업서비스직,1
이사전문 회사 이삿짐 배달원,1
연극영화뮤지컬 입시강사,1
홈패션 영업,1
"시스템 설계, 분석",1
자전거 판매점,1
서비스업종사자,1
선박업,1
약국운영,1
주간신문 취재기자,1
핸드폰 펌웨어 개발,1
출판프리랜서,1
영업사원(통신업체),1
철골시공,1
휴대폰 악세사리,1
제조업 기계 가공직,1
회사 설계부,1
웹 프로그래머,1
전기기기업체 수리원,1
딥러닝 연구원,1
서비스업체 판매영업부 직원,1
심리사(상담),1
학원상담실장,1
회계부서사무직,1
it 개발,1
생산검사,1
회계 및 행정업무,1
매장직원,1
다른 회사 생산직,1
건설업 관리자,1
쌀집 배달원,1
용역업체 근무,1
건강식품영업사원,1
고압가스 설비업,1
"의료기 회사,영업사원",1
영업 사무원,1
증권회사 관리팀(고객 창구),1
가구수리,1
"보험회사근무(영업소장, 관리직)",1
백화점의류판매,1
조경 디자인,1
기계제작 생산직,1
쌀 판매,1
에어로빅 강사,1
"프로젝트 사업관리, 솔루션 전략팀",1
무직(구직자),1
삼성전자 콤푸 근무 개인업체 기계조립,1
감정평가사,1
사무직(해외사업부),1
기간제 사서,1
휴대폰 제조회사 디자인팀,1
역사전공교육,1
공무원(계장),1
의류매장계산원,1
컴퓨터 조립 판매업,1
주임 신부,1
산업안전 컨설턴트,1
건축회사 사무원,1
"디자이너,무대미술가,커피숍사장,대학강사",1
의료행정사무원,1
경영지원관련 사무원,1
택시,1
군인조종사,1
자영업(정육점),1
회사원(운송 관련 사무원),1
군인(장교)-헬기조종사,1
건설기계 관라,1
측량업(GIS 구축을 위한 측량 및 도면화 작업),1
철강회사,1
성직자(천주교),1
내과 간호조무사,1
엔터테이먼트,1
검찰 공무원,1
컴퓨터프로그램어,1
철강회사 현장직,1
"그래픽 디자이너(편집,웹) 등",1
기록물관리전문요원,1
사상공,1
같은 직업으로,1
도시락카페 직원,1
농산물 품질평가사,1
영업부서판매원,1
Pc조립,1
피아노학원,1
자영업(판매업),1
중소기업 기술직,1
수출업체,1
PD(방송제작사),1
반도체. 전자부품 개발 엔지니어,1
자영업-철물점운영,1
상품진열사원,1
유아체육강사,1
분식가게운영,1
강사.연구원,1
일반판매원,1
법원사무원,1
여성의류 판매업,1
상담전문가,1
농업(고추하우스),1
건설회사 현장관리업무,1
"토목설계 담당자, 시공담당자",1
도로설계,1
겸임 교수,1
중소기업영업직,1
리스크매니저,1
해외영업 및 개발관리,1
국영기업체 부장급정년,1
"자영업,유통업",1
연구소 S/W 엔지니어,1
베이커리,1
외국계 소비재 회사 마케팅,1
프라스틱 기계 조작원,1
일반총무부 사무원,1
"토양, 지하수 연구원",1
건설회사 현장 일용직,1
건설회사 건축직,1
동화작가,1
자영업(구체적으로는 거절),1
토목공사시공,1
생산관리영업직,1
외식업체 알바,1
오락실경영,1
지게차 운전,1
전자제품 A/S기사,1
캠프 지도자,1
생산관리원,1
"방송카메라, 편집",1
보일러 수리공,1
사무실 사무원,1
개업의사,1
자영업(과일과게),1
병원조리사,1
화학제품제조업 연구원,1
호텔시설팀,1
조선소 취부사,1
분식집 식당운영,1
벤처캐피털 애널리스트,1
시스템소프트웨어개발자,1
대형마트 판매사원,1
공채 개그맨,1
자영업(꽃가게),1
제3공장에서 일했다고 함,1
건설현장 감독원,1
항공 정비사,1
환경운동(활동가0,1
외식산업종사,1
비석제작,1
양장제조 기능원,1
통신사 핸드폰 판매원,1
야구르트 배달,1
회사원 (온라인광고 상품 기획),1
운동 트레이너,1
보일러판매,1
건축사무실,1
금융업 종사,1
도시 계획 관련 엔지니어링 근무,1
노점상(과일장사),1
"대기업 연구원, 사관학교 교수",1
"카메라 기자 조수,오디오맨",1
"교육행정, 사무보조",1
보석디자이너,1
모델러,1
가게(판매직),1
건설업 막노동,1
"피아노 학원 강사, 조교, 축가 아르바이트",1
건설현장 관리원,1
PCB 생산직,1
유치원 교사. 간호사,1
행정관,1
총무과 사무원,1
컴퓨터 강의,1
기계공학시험원,1
ARS관리,1
전자제품 영업 판매원,1
TM,1
물류회사,1
수질분석기사,1
규장각 연구원,1
Producer,1
제조 공장,1
"기자, 출판인, 대학 교수 등",1
어업종사,1
동일(강사),1
해당사항없음,1
사무판매직,1
음식점자영업,1
제조회사 경영사무원,1
롯데월드 유기팀,1
전기관리자,1
캐스터,1
롯데월드진행자,1
IT업 회사원,1
생명과학 연구원. 제약회사 연구원. 제약사 팀장.,1
공무원(교육),1
운전원(버스운전원),1
전기. 전등기구 판매,1
냉난방설비기사,1
"도배, 장판설치",1
회사원(자동체제조),1
전자엔지니어,1
외벽 도장공,1
우유대리점 납품업,1
게임 3D모델러,1
녹,1
미용보조,1
"디자이너,마케팅",1
임상병리자,1
테크니션,1
호텔 외식업체,1
보안 경비,1
빌딩청소업무,1
배우 스토리텔러,1
동일 업종 환경 연구원,1
휴대폰영업사원,1
"홍보,마케팅 기획,일시적",1
마케팅회사,1
태권도 지도자(사범),1
일반행정사무원,1
귀금속세공원,1
회사 경리사무원,1
실내건축기사,1
금형가공원,1
의류공장운영,1
후원티 개발(영업),1
산업용기계제작원,1
섬유제조공,1
처음직업,1
"건축설계, CAD, 인테리어",1
농산물납품업,1
통신판매,1
증권사 지점영업,1
건축회사 구조설계,1
화장품(올리브영) 판매랑 판매사원,1
분석원,1
"사회교육강사, 지역신문기자",1
서비스업(판매) 판매원,1
지재관리사무원,1
회사사원,1
일반기계조립원,1
엔지니어 현장감독,1
웨딩싱어,1
연기,1
식품 판매직,1
목공업(건설업),1
생산직(일반기능공),1
쇼핑몰운영,1
의류대리점운영,1
연구 교수,1
pc방 운영,1
병원 행정 업무,1
"PD, 사진기사",1
군조종사,1
국책 연구소의 연구원,1
종교인,1
유통회사 사무원,1
대학직원,1
청담사,1
섬유공장,1
외식업(바리스타),1
의료서비스직,1
조선소 생산직,1
제분회사,1
전기설비,1
제조업(유통업),1
대리점,1
정육점 판매직,1
자동차회사 사무직,1
금융업  일반사무원,1
인사총무팀 사무원,1
부동산중개,1
총무관리사무원,1
출하준비,1
플레스공,1
정비ㅏ,1
보험텔레마케터,1
행원,1
문화복지 전문인력,1
운동 선수,1
가구 판매직,1
시각디자인(조형물),1
페인트대리점근무(판매원),1
"방송, 컨텐츠 유통관리업무",1
웨딩홀 계약전담,1
언론인(신문사 편집담당),1
신규사업기획,1
종합병원외래,1
실내장식업,1
영업집,1
중식음식,1
기계부품 영업사원,1
전기회사 엔지니어,1
헬스장,1
"생명보험회사, 관리직",1
방과후지도사,1
철근팀,1
중앙고속집배원(T&S 합병),1
통신사 영업직,1
가구 판매원,1
연구 및 여론조사 기관 연구원,1
기업체(건설기계) 연구원,1
보석상운영,1
매장 아르바이트,1
계명대학교 산학협력단 지능형자동차부품연구센터 선임 연구원,1
행정사무종사자,1
목재 회사,1
스크린골프 국내 제조사,1
철도차량 제작 업체,1
"광고, 웹디자이너",1
새누리당 원내대변인,1
식품위생모니터링,1
동일 = 교사,1
(컨설팅회사)회사경영,1
상설전시기획,1
롯데자산개발 영업팀 고객상담업무,1
프리랜서 통역사,1
프로 래미 동일천,1
축구 운동선수,1
보안원,1
서비스직 알바,1
소프트웨어개발,1
"공무원,전기직종",1
컨테이너 운송업,1
판매용,1
해외마케팅,1
락 밴드,1
항해사(선원),1
정밀 연삭 사업부,1
"총무,인사,노무",1
일반생산회사,1
영업직사원,1
생산직(금속가공기계조작원),1
자동차부품 생산직,1
보험영업관리,1
중학교 양호교사,1
DB관리자,1
메디아이 산부인과 과장,1
학원 보조 강사,1
시스템관리자,1
품질검사,1
화장품외판,1
"제품개발, 설계",1
토목 엔지니어링,1
악단 활동,1
"제조업체,기능직",1
생활체육 지도사,1
공직생활,1
소인국 테마파크,1
학교급식 근무,1
대기환경기사,1
"군인(헬기조종사), 기장(헬기사업체)",1
없다(계속같은부서에서 일했음),1
Dba,1
초.중.고 방과 후 강사,1
대학행정실 사무원,1
s/w 영업.기획 총괄,1
연구소 근무,1
건설회사 공무직,1
"강사,사무원",1
공사직 일용직,1
프리랜서(통번역 업무 및 강의),1
일본어 강사,1
폐기물 처리 사무원,1
한전KDN,1
백화점 상품판매원,1
찜질방 안내원,1
전기공사업체 직원,1
식품기계 조작원,1
기술학원 강사,1
"회계, 사무원",1
통역사/국제스포츠협회 관리자/테니스선수,1
편집자. 학원강사. 방송작가,1
제주회사 사무직(경리),1
소형트럭 운전원,1
현장소장,1
연구실업무,1
영양상담사,1
빵제조기계조작원,1
농협유통,1
방송기자,1
포장디자인강사,1
대부계 일반 직원,1
전문대학 행정직원,1
슈퍼바이저,1
염색회사 총무 사무원,1
자영업(식당업),1
"석사후 인턴연구원,기간제 근로자",1
자동차공학기술원,1
마트사원(판매원),1
철강회사 공장근무,1
촬영장 엑스트라,1
점토교육생,1
상담보조,1
출판사 편집장,1
컴퓨터 모니터 영업,1
서울메트로,1
단순노동직,1
연구원 (설계),1
공군조정사,1
피아노학원 강사,1
에이전시매니저,1
병역특례 연구원,1
포토샵강의,1
도자유리작가,1
금속가공기계조직원,1
"작가, 기획자",1
피부맛사지사,1
전산원,1
응급구조사(병원),1
놀이공원 사무직,1
경리(의류제조업),1
상급종합병원 간호사,1
화학(한화),1
건물관리,1
스키 강사,1
무역 회사,1
통계 데이터 관리 업무(대학원 내 연구센터 조교),1
캐릭터 디자이너,1
부총장,1
보습학원 강사,1
에스컬레이터 기사,1
"열차 정비사, 열차 기관사",1
단기 하사전역(중사),1
"농구선수, 코치",1
"서비스업, 영업",1
인터넷 설치 기술자,1
판매원(의류판매),1
계약제 교사,1
정비원,1
공장기계생산직,1
건설관리사무원,1
교통수요 예측 업무수행,1
감독(초등학교),1
야채상(배달원),1
법률회사 직원,1
경영지도사,1
제조업->가공부,1
사진관  운영,1
음식점 스텝리더,1
단순조립원,1
웨딩홀 상담직원,1
국제선 승무원,1
안전요원,1
육고기체인점운영,1
기업 부설 연구소 연구원,1
철판절단원,1
태권도선수,1
환경업체에서 환경기사,1
기능직(제조업),1
학교교사,1
반도체 공장,1
엘리베이터 A/S기사,1
라면(면)생산팀-공정관리,1
악기판매원,1
연극.뮤지컬 배우,1
마취통증의사,1
노파상,1
금융은행원,1
배달직원(음식점),1
선박회사 경영사무원,1
학과 조교,1
예술적 서비스 직업,1
FD,1
해운해난구조대,1
전산 어플리케이션 총괄,1
경영기획실에서 기획업무,1
경리회계,1
공공기관 사회복지사,1
삼호 중공업 팀장,1
공구가게 점원,1
자재부 사무원,1
일어강사,1
"S/W개발, 시스템구축",1
백화점 홍보팀 근무,1
자영업(도소매업),1
증권직원,1
시계수리원,1
주부(없음),1
자동차 운전 정비,1
자동차 영업소 딜러,1
회사원 영업,1
휴대폰 가게 판매원,1
전기기공사,1
건성노동,1
쥬얼리 MD,1
백화점 신발 판매사원,1
주유소,1
유통 및 물류관리,1
내부 감사,1
기업체 마케팅 부서 근무,1
냉동설비,1
가전판매업,1
애니메이션,1
시스템 엔지니어(SE),1
스포츠매장 자영업,1
출판사 편집디자인너,1
수퍼마켓 운영,1
무역회사(무역사무원),1
"금융기관, 회사원",1
금속 가공 제조원,1
디자이너(제품),1
아동미술심리치료사,1
영업직 판매원,1
일식점운영,1
(섬유)의류 공장에서 일함,1
개인회사에서 근무,1
행정실장,1
카페 바리스타,1
관광통역안내사,1
자동차 부품 회사 개발팀,1
세무사무장,1
고등학교 국어교사,1
일용직(도배),1
"연극,연출",1
골프장후론트,1
"자동차정비사, 정육점직원, 렌터카직원, 용산전자상가직원",1
"학생,인턴",1
과일 도매,1
돌봄교사,1
애널리스트,1
크레인운전,1
생산직근무,1
자수디자이너,1
"방송기획, 제작",1
초등선생님,1
운전원(택시기사),1
소셔매니저,1
자동차 관련,1
"가전설치기사(가전제품, 에어컨)",1
Operator,1
농사지었음,1
섬유원사 테크니컬 서비스,1
콜센터 근무,1
파이프오퍼레이터,1
지방공무원,1
신협 근무,1
민간조사원,1
개인회사 사무원(경리),1
무역회사 직원,1
CELL 애니메이터,1
목공(학교졸업후계속),1
서비스 종업원,1
세무사,1
교육청 육상지도자,1
노인요양사,1
의류업체 매장판매직,1
선생님(교사),1
중앙부처 공무원,1
학원마케팅,1
분식집주인,1
보안업체 경비원,1
공기업 근무,1
농촌진흥청 연구원(식량에 관한 연구),1
홍보 사무원,1
건설업(건설현장),1
서점 운영,1
반도체 엔지니어,1
경영전략 컨설턴트,1
"학생,피부관리사",1
일반 제조업체 관리부 근무,1
하드웨어 기술영업,1
품질관리사,1
"건설업,건설 일용직",1
설비 유지 보수,1
전자제품 부품조립원,1
컴퓨터회사평직원,1
해외 영업 파트,1
경찰 공무원,1
마트 점장,1
경영 컨설팅,1
플라스틱 제품 기계 조작원,1
자동차 판매원,1
목수(건설 공사업),1
수제화 종업원,1
회사원(구체적인것 거절),1
세무사무실,1
판매직(신발),1
신발 판매,1
휴먼노이드로봇 제작 및 프로그래밍,1
공익법무관(변호사),1
이삿짐 센터 운영,1
타이어회사 기계조작원,1
전산 판매종사,1
설계사 교육담당(교육팀),1
"물류회사 사무원, 산악협력단 사무원",1
기획자(변동 없음),1
철물영업,1
부동산 개발 실무,1
조연출가,1
대외협력 부총장,1
작곡가. 가수,1
SW엔지니어,1
문화재 발굴조사 및 연구자,1
연구원 (전기 송전 계통 관련 연구분야),1
"박물관 큐레이터, 연구원",1
제품 검사원,1
시설물유지관리보수,1
소음진동SW 기술지원,1
건축 기계 설비 시공 및 설계 감리,1
컴퓨터as기사,1
제품(패키지) 디자이너,1
전자부품조립원,1
S/W 개발,1
영업판매,1
과일장수,1
전자산업개발자(제품개발),1
대한연구보건원,1
건설회사(시공사),1
건설현장 직원,1
건설노무자,1
물류센터 관리원,1
"저장장치 유동(HDD,SSD),A/S",1
물류업체 직원,1
애견관리사,1
고무원,1
부동산중개업 소장,1
호텔프론트,1
마트사원,1
마트 판매,1
PD(영상제작),1
"대학원생, 무용공연 무용수",1
"수산업계 장영화사업,해조류,미역,다시마",1
심리상담사무소 사무원,1
고고학자,1
뷔페직원(조리사),1
응급실간호사,1
로봇분야 연구원,1
건설회사 관리회계,1
생산 관련 사무원,1
안전관리,1
건축단순직,1
인테리어 디자인 설계,1
동사무소 근무,1
연구소 행정직,1
물류회사 직원,1
방송국 프로듀서,1
일반회사 광고팀 사원,1
총무사무원(인사관리 급여관리),1
매장정리원,1
심사관,1
백화점근무,1
영업마켓팅 사무원,1
건축관련 회사 사무원,1
호텔직원,1
"보험설계사, 영업사원",1
마케팅 영업직,1
통신관련업,1
헬리콥터 조종사,1
병원 중환자실 간호사,1
회사원(회계파트),1
오토바이 A/S 기사,1
건축구조기술사 사무소 운영,1
트럼펫 연주자,1
호텔 프론트케샤,1
3D 모델러,1
없다(가정주부),1
"페인트,잉크 엔지니어",1
부동산 대출영업,1
입학사정관,1
수산물 판매원,1
양식 음식점 서빙,1
한식당에근무,1
실내인테리어 작업원,1
서비스업 종사,1
한국 통신 직원,1
주류제조업체 관리부,1
사무행정원,1
광고대행사,1
"화약관리 취급, 발파",1
금속가공 기계조작원,1
국방부공무원,1
대학원생 석사,1
에너지 히트펌트자영업,1
계리사,1
총무회사원,1
변동무,1
"음악 컨텐츠 사업부 과장, 일반인에서 배우로 전향(현재 겸업)",1
통역번역가,1
물류회사 사무원,1
병원근무자,1
조명디자이너,1
방송활동,1
보험판매원(보험설계사),1
세무서 직원,1
"요식업, 매니저",1
교육업체 마케팅,1
회사 연구소 연구원,1
도금,1
학원(미술)원장,1
메리야스공장 운영,1
전산입력원,1
한살림 매장 캐셔,1
광고회사 마케팅 사무원,1
펌프카 운정,1
음악 플랫폼 서버 개발,1
거절(건설관련있을 했다고 함),1
사무직(청구사무원),1
중앙고속화물집배원(신세계T&S합병),1
"건설현장, 영업직",1
간호직,1
홍보부,1
디자이너(동일),1
중장비기술직,1
학원 원장,1
건설기공사 건설혁장직,1
프레스 공장 직원,1
시청-공무직,1
보조연출자,1
일반 내과 간호사,1
골프,1
컴퓨터설치 수리원,1
식품회사 근무(구체적으로 거절),1
"없다, 동일",1
유람선 승무원,1
웹 개발자,1
견적원,1
기능직 회사원,1
농수산물 자영업(판매업),1
자동차 제조(기아),1
핸드폰 대리점 사무직,1
게임디자이너,1
금형설계,1
"배송,영업직",1
동일함(회계 사무원),1
호텔 프론트,1
"자영업,잡화 소매업",1
CJ홈쇼핑 영업직,1
자동차 부품 생산,1
CNC가공,1
건설근로자,1
서점판매직,1
"시각디자이너,영상그래픽디자이너",1
바리스타 카페 매니저,1
회계사사무실 근무,1
컴퓨터 학원운영,1
환경기술인,1
영상관련회사 회사원,1
물류관리,1
이삿짐센터 직원,1
철도형 공무원,1
게임원화가,1
법률 관련 사무원,1
전기외선 기사,1
포장이사,1
"사회복지재단 ,삼성생명 공익재단",1
섬유회사 원단 제조 기계조작원,1
공무원 일반직,1
"미장,목수",1
조선선박기사,1
보험회사 전산실 근무,1
출판사 홍보팀 업무,1
실업 농구팀 감독,1
기아자동차 차체 품질관리,1
상품판매업,1
캐릭터 디자인,1
신협에 근무(사무직),1
경리 사무,1
환자 진료 전자차트,1
보험회사(생명보험)근무,1
홈패션영업,1
일반슈퍼(자영업),1
김치제조공장 근무,1
독립단편영화 감독,1
"회계,자금관리",1
"실내디자이너, 무대디자이너",1
"스포츠 용품 판매업,개인사업",1
전기내선업운영,1
건설현장(목수),1
조경기술자,1
개인기업체 직원,1
학원 논술강사,1
브랜드디자이너,1
제조회사 전산실 근무,1
공장(단순작업일),1
고무 플라스틱 생산기 조작원,1
식품영업원,1
포항제철,1
식품회사 판매직,1
공업사,1
항공사 사무직,1
무역로컬 업무,1
건설사 일용직,1
음식업 자영업자,1
금융관련 직종,1
강서구청장,1
신용추심원,1
촬영PD,1
소형가전영업,1
히타치 C 언어 개발자,1
초등학교 선생님,1
회사원(이벤트회사),1
오텔지배인,1
신발제조회사 기능직,1
영업팀장,1
한국전력공사 지사장,1
재활치료,1
출장뷔폐 대표,1
미술학원 원장,1
영어선생,1
중고기업 무역부,1
격투기선수,1
"은행원, 인사팀직원",1
"회사원, 사무원",1
전무,1
제조회사의 연구개발,1
커피 전문점 알바,1
교육감,1
교사(국어선생님),1
같은 교사인데 다른 담당을 했음(국어교사),1
소목장,1
물풀 배달원,1
정보통신 서비스업 재직 경험,1
냉동설비기사,1
공무원(구체적인것 거절),1
서버운영지원,1
병원 보안과 직원,1
"디자인회사대표,타대학교수",1
건설부자재 판매원,1
운동관리사무원,1
섬유공장현장직,1
가전매장 판매,1
원양어선항해사->현재 연안여객선항해사,1
디자인강사,1
실험조교,1
호텔 인턴,1
무대연출스텝,1
인터넷 쇼핑몰운영,1
보건환경연구원,1
건설잡역부,1
"학생,대학원생",1
마케팅 업무,1
"UI디자이너, GVI디자이너, 게임UI디자이너",1
금속 가공업체 운영,1
신발제조업생산원,1
제조업체 관리부사무원,1
렌트카 회사,1
가천대학교 영상제작,1
항운노동조합,1
"법률관련, 법무팀 사무원",1
호텔(사무직) 근무,1
기계직 생산원,1
회사원(보험회사 사무직원),1
의축 판매원,1
"요가강사,호텔캐셔,(주)진아교통 경리 등등",1
"MBC, SBS드라마피디",1
렌트카상담업무,1
의류가게 운영,1
농업기계제작원,1
타광고업계근무,1
총무 및 일반사무,1
기계설치원,1
없습니다,1
IT계열,1
CG보조,1
레이져 기술직,1
"회계,총무",1
병원 원무과,1
"직업군인, 보험",1
편의점 알바생,1
회사 전기실 근무,1
의류봉제공장 기능직,1
교육계공무원,1
회사사무직직원(본사),1
관리,1
개인회사 사무직,1
화장품 소매,1
건설회사기사,1
엔진니어,1
"에스원,경비업체",1
기계영업,1
"영업관리, 자영업",1
전산팀,1
건설 타업종,1
사무관리원,1
보험판매업,1
컴퓨터회사프로그램관리,1
영화 잡지 기자,1
전공관련 공기업 및 사기업,1
운수업(대형트럭기사),1
봉재사,1
회신원,1
신발 회사 기계 조립원,1
"회사원,농협",1
대기 분석사,1
대기업 직장인,1
산문노무직,1
총무부서 직원,1
인사노무 관리팀장,1
전산실관리요원,1
기타리스트,1
공무원(관세청),1
회사원(자동차영업직),1
학원시간강사,1
건설 관련 사무직,1
광고회사 PD,1
예체능 공연자,1
OS응급구조사,1
금융업(대출업무),1
건설사 영업사원,1
"간호사, 언더라이터",1
롯데 자이언트 코치,1
"회사원(관리, 경리사무원)",1
가전제품AS기사,1
광주은행 청원경찰,1
프로그래머(병원전산실),1
사무관리직(해양도시가스 고객센터),1
"개인사업,의류업",1
기계이전설치,1
플랜드 현장 기계기사,1
유통회사 영업직,1
"자영업,식당운영",1
"큐레이터,조교",1
사료회사 및 동물약품 회사 연구원,1
페인트 도장,1
전산학과 사무직,1
직업전문학교 교사,1
악기매장관리및판매,1
증권회사(관리업무),1
동일(광고),1
"자동차 부품,개발팀 직원",1
동일 교사,1
출판사근무,1
자영업-의류 판매원,1
생태학 인턴연수원,1
미술학원경영,1
입시생개인레슨,1
철강 제조업체 근무,1
중고차 자동차 영업사원,1
생선가게,1
치과 기계 기사,1
광고 그래픽 디자이너,1
동물사육사,1
택배업무,1
음료(창고관리직),1
서비스센타직원,1
여성의류판매,1
사서보조,1
주유소소장,1
"생산 및 제조(필름컷팅 및 접착, 코팅)",1
무용수. 강사,1
환경측정 분석원,1
건축자재생산업무,1
관리사,1
제조업(섬유제조기능원),1
항공기술 연구원,1
교사(일반과목),1
시멘트공,1
에너지 소재 연구,1
고등학교 고등교사,1
컴퓨터 설치 및 수리원,1
스탭보조,1
동족업,1
고무제품 관련 자영업,1
애견미용,1
금형설계자,1
쥬얼리 판매장 운영,1
자동차 조명 제조,1
프리랜서 연구원,1
패션사업본부장,1
서빙원,1
도면설계,1
지점토 공예,1
레스토랑 근무,1
사진관 알바,1
플라스틱제품 조립원,1
철광업자,1
사회복지 사무일 봄,1
"원양어선근무,선원",1
건설사 일반 직원,1
개인의원 봉직의,1
영상디자이너.그래픽디자이너.광고디자이너,1
전임 강사,1
주방보조사,1
호텔 제빵사,1
페인트칠,1
간호 조무사,1
생산직사원 이라고함,1
화학비료공장,1
사무원.일용직,1
회사원사무직,1
유통관련 서비스직 영업관련부서,1
공형제조회사 직원,1
의료 코디네이터,1
부동산 중개사,1
수영복 디자이너,1
제조업체 사무원,1
GIS/RS,1
레카차 운전원,1
공군 조종사,1
취준생,1
데이터 관리 운영,1
토목시공,1
목공일,1
커피운송자,1
식자재 납품업,1
인터넷쇼핑관리자,1
식품회사기계조작원,1
통신 관련 업무를 했다고만 함(구체적 거절),1
벼농사를 지었음,1
내부프로그램,1
기초단체장(서초구청장),1
회사원(슈퍼마켓부점장),1
영어 전문학원 강사/방송 강사,1
"유통업, 재고담당",1
행정자치부 공무원,1
의류판매(자영업),1
보험심사사무원,1
대학교 학과 조교,1
은행 보안요원,1
패스트푸드 조리사 보조,1
화학공장 운전원->생산관리,1
국책연구원. 부연구위원,1
서빙일,1
안전기술자,1
기계 제조업체 생산라인 근무,1
자동차 부품 대리점 운영,1
통역-번역,1
전자통신 회사,1
"조선업(설계, 취부)",1
토목설계자,1
같은직종,1
전자기기AS,1
일반회사 경리사무원,1
마이크로웨이브 기기운용,1
조선회사사무원,1
지금 그대로,1
교정기술지원팀,1
"미국 소재 연구소 연구원, 미국소재 산업체 칩설계 엔지니어",1
수금원,1
정보통신분야 설계업,1
2등 항해사(상선),1
제약회사영업사원,1
전자기기조립원,1
행정관리직,1
오수 처리 관리사,1
학교행정,1
"통신, 마케팅업",1
관리직 근무,1
출판자 직원,1
페인트 회사 연구원,1
염색공장에서 일함,1
통신회사,1
프로그램개발자,1
화장품 회사 직원,1
도료 가공 기계 조작원,1
방송엔지니어(영어방송),1
메카트로닉스 제어 소프트웨어 개발자,1
항공기 부품 검사원,1
테니스선수,1
동종업계 직원,1
모델 준비생,1
미술교육강사,1
연예인매니져,1
김치장사,1
토목설계 엔지니어링,1
정수기 판매 영업사원,1
심부름센타 (일용직),1
"서비스직,식당경영",1
영재교육원 교사,1
케이블 설치기사,1
광고기획법,1
재단보조원,1
잡지사편집장,1
일용-일반작업직,1
마트에서 일했음,1
과일 소매업,1
식품영업사원,1
무역회사 경리직,1
영업지원팀,1
"중학교교사, 보험사 본사근무",1
탁구 선수 지도자,1
홍일 대행사 직원,1
일반 사무원,1
품질시험사,1
치킨집 배달,1
캐드원(동일),1
어학원강사,1
연구개발부 연구원,1
MD(Merchan diser),1
카페 부점장,1
미용실 경영,1
인사.급여 담당,1
서양화작가,1
HR팀 팀원,1
펄프 제조 기계 조립원,1
인테리어 회사 현장직(잡일),1
영어번역,1
약물중독 치료사,1
강ㅅ,1
드라마 보조작가,1
분석(보험),1
"강원희망포럼 공동대표, 어린이재단 강원지역후원회 회장",1
컴퓨터 A/S기사,1
전자부품 제조업체 관리부 근무,1
"사무관리, 영업관리",1
자동차 조립,1
석유제조기계조작원,1
소장,1
보안운영자,1
항공회사 설비팀 기사,1
자동제어 프로그래밍,1
축협근무,1
전기 설계직업,1
교육담당지,1
방송PD,1
제작,1
다단계 방문판매원,1
전파상운영,1
기계 정비 및 설비 관리,1
공업용품 산업디자이너,1
홍보 마케팅,1
"각종 공기업,공무원",1
자영업(요식업),1
미용(헤어),1
실험실 분석원,1
주류회사 이사,1
무대연출감독,1
한 직종에만 종사함,1
"프로그래머(개발), 카드결제 단말기(CAT) 또는 POS기 개발자, 공공기관 기간제 근로자",1
기계기능공,1
악기 소매업,1
삼성생명 사무직,1
아파트 전기기사,1
수영선수/강사,1
건설기계 영업원,1
사업가,1
중국집 조리사,1
도로공사 톨게이트 정산소직원,1
주얼리영업(관리),1
지금과동일,1
마케팅업,1
음식조리업,1
유통사업본부 영업직,1
제조사 회사원,1
상품운영팀,1
"자영업,전기수리점 운영",1
GS마트 인터넷 배송업무,1
무역생사,1
군인-사업-요양보호사,1
대학 직원,1
"이전직업,항공정비사",1
비슷한 업종,1
네트워크 관리자 사이트로 함,1
철근공보조,1
친환경건축물계획 컨설턴트,1
"우체국 배달원,집배원",1
진료수의사,1
일반총무 사무원,1
"일반사무원,판매업",1
지게차 운전원,1
건축공사 관리 감독,1
자동차수리기사,1
선박기계조립원,1
전자부품 생산관리,1
마사지(미용사),1
면세점,1
만화대여방 운영,1
무역.유통업,1
현장관리감독자,1
무역회사근무,1
초순수 플랜트 공정설계,1
시의원(용인시의회 의원),1
정보통신 설계직,1
브레이크 제조회사 기계조작원,1
채소가게조작원,1
제약업계 마케팅 업무,1
사무직(총무부),1
자동화부품 제조 현장직원,1
판매 아르바이트,1
조명설치기사,1
영상감독,1
교수설계사,1
Data Analyst,1
PC조립,1
프로그램 개발발자,1
총무부서 사무직,1
보험보상심사원,1
"동일, 같은 업종",1
고등학교교사,1
태권도 코치,1
정보통신업,1
경리과 회계업무,1
"동일, 국회의원(정당인",1
자동차 판매영업직,1
방송프로그램 진행,1
카센타보조원,1
건설회사 건축기사,1
메리츠 손해보험에서 근무,1
냉동차 운전사업,1
교육상담사,1
광고홍보 사무원,1
수학과외교사,1
한국노동조합 총연맹 위원장,1
 markting,1
태권도장(관장),1
활영관련쪽임,1
오토바이 정비원,1
"보험회사근무(금융, 부동산담당)",1
잡지사 취재기자,1
군무관,1
"SW Developer, SW SQA",1
금융회사 회사원,1
영업md,1
자동차부품 제조업 근무,1
"디자이너,프로그래밍",1
전자제품제조업체 기능직,1
"연구자, 대학강사",1
"사무직,회사직",1
선박 기계 조립원,1
택배배송기사,1
중학교 기간제교사,1
이불소매업,1
태권도지도자,1
금속가공,1
시멘트 엔지니어,1
대학생 (없다),1
서비스업(커피숍 아르바이트),1
배관기사,1
java개발자,1
설비기술자,1
가구점 운영,1
편의점 판매직,1
"설계, 감리회사, 일반 전기실 관리장 등",1
"체험강사, 독서지도사",1
판매업 자영업,1
피아노가게 운영,1
철강제조업(현장기능직),1
농협(축산관련직),1
수리업(자영업),1
전기공사 업체에 근무,1
건축설계기사,1
"조경사업, 부동산개발업, 항공기정비",1
재난보조원,1
"학생,대학원",1
수산약품 제조 업체 마케팅부,1
기업은행 행원,1
PC방 주인,1
(무역회사 사무원),1
회장품 판매사원,1
일용직(미장),1
스쿠버 다이빙 강사,1
중소회사 대리,1
전자전기 부품생산원,1
"건축,일용직",1
산업 통상 자원부 사무관,1
"핸드폰, 판매원",1
방문학습지 교사,1
매장 판매직,1
병원경비,1
softeare Engineer,1
"고무,플라스틱 기술자",1
기업 홍보담당원,1
음악,1
문화기획,1
같은업종,1
서버관리자,1
자동차부품 현장직,1
체육입지학원강사,1
GFSDB개발,1
철공용,1
분식 가게 운영,1
"대학시간강사, 체육기간제 교사 및 강사",1
의료기기 영업관리,1
헬스 트레이너,1
검사자,1
건설회사 현장소장,1
매장 판매 업무,1
공무원(검찰사무직),1
쭉 이 직업만,1
"법무사,법무사무원",1
생산사무원,1
컬러개발,1
여행사 본사 사무직,1
자영업(의류판매),1
프로그램 설계 개발,1
기계설비 -&gt; 생산직,1
식품회사 사무원,1
SW개발 및 HW 개발,1
서비스강사. 승무언학원 강사,1
조경시설물 영업,1
정수기 관리사원,1
가내공업운영,1
같은 직업,1
주류유통업,1
예술행정,1
"직업군인, 축구선수",1
원무과,1
월간지 기자,1
기계부품 판매업,1
환경기술자,1
회사원(구체적으로거절),1
현장 관리 감독자,1
신호직원,1
다단계 세일러,1
선거 공정지원단,1
바이럴마케팅,1
선생(학습지),1
노래강사,1
지상직승무원,1
중환자실 간호사,1
전기조립원,1
판매업(구체적으로 거절),1
설계 및 제조업,1
백화점 가전제품 판매원,1
기계제조회사 제조팀장,1
공물제품기계 조작원,1
앱개발 디자이너,1
건축 인테리어 디자인,1
학생(대학원생),1
분석원(연구기관),1
뷰래풀판매업,1
카메라 검사,1
사보기자,1
시설설비원,1
"대학강사, 방송작가",1
호텔객실관리,1
"택시기사,영업용",1
단순 사무직,1
영업업무,1
학교미화원,1
"컴퓨터, 볼펜",1
보건소영야아,1
"화물,택배",1
세탁소,1
제품관리직,1
프로그램 강사,1
"회사원, 인사담당",1
청소년 상담사,1
한국전력근무,1
일반회사 연구원,1
관광버스,1
식품회사 기계조작원,1
"카피라이터, 문화기획자",1
교사.학원강사,1
실내인테리어 디자인,1
경호.경비,1
각종아르바이트,1
복지관에서 일반사무,1
화물차 운정,1
참소망내과부원장,1
군인(장교) 군조종사,1
"CCTV설치, 수리원",1
군인 (항공기 정비사),1
유통회사 사무직,1
주얼리 사업부 해외영업,1
음반 마케팅,1
대학전임교수,1
컴퓨터 as,1
"비금속 광물 제조로 기기 운전과 설비관리,기계수리등",1
팬시/문구 디자인,1
관리업무,1
불고기 집 주방,1
횟집경영,1
곡물가공제품기계 직원,1
5t트럭기사,1
일반행적직,1
무역회사 관세환급,1
철도운영사 재직,1
자영업(부품 도매업),1
문화재발굴조사연구원,1
의류제조판매업,1
정수시설 운영관리,1
벽돌공,1
병원원장,1
비행기승무원,1
금융회사에서 분석업무 진행,1
소상공인,1
디지털마케팅 교육사업팀장,1
강도사,1
상품판매직,1
조선선박조립원,1
영업팀직원,1
조립생산,1
"주부,방과후교사",1
패스트푸드사 알바,1
자동차부품 생산직원,1
네일리스트,1
"기획, 성과분석",1
"회로설계, 연구과제를 수행하는 연구원",1
건축보조,1
전자제품 영업사원,1
서비스업 관리직,1
회사원(금형원),1
공군조종사,1
학예관,1
의류업체 영업부 근무,1
산업기계제조업체 근무,1
커피숍 알바,1
주부(가사),1
금형생산직,1
블루투스 이어폰 개발자,1
방역사,1
컴퓨터프로그램,1
무대 디자이너,1
편집샵 매니저,1
여행상담직원,1
경기도의회 의원,1
자동차부품도매업,1
제조업체 운송담당,1
개인사업(식당),1
자가용운전원,1
계속 개그맨이었음,1
슈퍼 판매원,1
컨텐츠제작,1
조사원,1
식자재납품영업사원,1
검찰관,1
담배자판기 유통관리,1
일반보육교사,1
전문의사,1
중소기업 연구원,1
커피매장운영,1
전자회사(개발),1
반도체(R&D)회사 engr,1
KT직원(관리사무직쪽에 근무했다고 함),1
기업체 전산사무직,1
판매업 판매사,1
과일가게판매원,1
토목설계(엔지니어링),1
전기검칩업,1
LG 트윈스 야구팀 코치,1
광전자(익산),1
광고디렉터,1
국가공무원,1
자동차부품제조 단순조립원,1
오라클엔지니어,1
생산직(전자회사),1
시험분석 보조원,1
같다 계속간판,1
회사원(운송사무원),1
녹음기사,1
오토바이판매직,1
씽크대 제작공장 기능원,1
기술직(도배),1
웃음치료,1
"프로젝트관리,개발자",1
일반노무직,1
게임원화디자이너,1
봉제공장직원,1
대출상담사,1
정수기 판매직 사원,1
레저타운 인턴,1
전기용접사,1
자동차 제조 회사,1
건설업종에 시공감리,1
직원,1
섬유 제조기계 조직원,1
무직(없다_,1
"자영업자,여행사 운영",1
기술자,1
노점상옷가게,1
무용학원대표,1
공연인,1
SW개발 연구원,1
"시각디자인,회사원",1
경제연구원,1
"영업,사무원",1
제약회사 근무,1
오토바이 수리기사,1
인테리어공사,1
군인(헬기정비),1
전화마케팅,1
사무직-인사관리,1
토목 측량,1
악세사리운영(자영업),1
가구디자인,1
식당경험,1
자전거수리센타,1
사설경호원,1
자동차부속품 생산원,1
책배달원,1
국립국악원 단원,1
휴대폰제조업체에서 현장직,1
레스토랑매니저,1
사무기획부,1
일반사무직회사원,1
피아노 강사,1
육군 항공 정비 부사관,1
반찬가게운영,1
기계제조회사 영업직,1
"반도체 공정장비, 진단센서 개발",1
"총무관련 업무(보험, 인사, 회계)",1
"컴퓨터,입력원",1
한국교통(KOTI),1
감사사무원,1
공장 현장 근무,1
오프레이터 프로그래머 현장직,1
회사원(은행원),1
농협근무,1
자재관리 담당 사무원,1
숙녀복 디자이너,1
서점운영,1
한국산업기술시험 연구원 (ktl),1
가전제품 개발 연구원,1
중소기업 개발(SW),1
쥬얼리 SHOP운영,1
윤리학원강사,1
기아자동차 생산기술직,1
서비스업종사,1
세탁소 운영,1
블럭조립 제조업체 근무,1
제품개발자(연구원),1
귀금속 세공업,1
Doctor,1
청소년 캠프 지도자,1
미술강사.도예강사,1
산업기계 제조기능직,1
CAD작업,1
축구교사,1
합성연구원,1
없다(주부),1
기계관련 회사원,1
이D사,1
중소조선소생산관리,1
유통업(자영업),1
상담사(현 직업과 동일),1
초등보습학원,1
행정근로,1
품질관리 회사원,1
LCD Engineer,1
보험 및 전산업무,1
백화점 의류판매업,1
조산업 품질관리원,1
"읍사무소 사무보소, 건축공사장 노무자, 자영업(과일판매)",1
염색관련 조작원,1
PCB장비 제조업체 근무,1
섬유회사 기능직,1
법인회계사무실,1
출판편집사(Editor),1
통계청 조사원,1
"건축시공, 건축구조기술자",1
교육전문가,1
화물차 기사,1
파트타임의사,1
학습지선생님,1
가전제품매장(판매직),1
군헬기 조종사,1
유통회사 근무,1
"사무원,(회계, 계약업무)",1
pc방 계산원,1
환경미술가,1
"광고기획자, 사무원",1
전기 전자 시험원,1
현장공사관리부(토목공사),1
제약영업원,1
생산직 제조업,1
자영업(음식점),1
"학생,전업주부",1
무역 사무원,1
"프로그래머,관리자",1
지배관리 사무원,1
"제조업 구매부, 영업부 직원",1
학원경영,1
화장품회사 무역업무,1
제약회사 생산직,1
기계장비 제조업,1
교장,1
연구원. 학원강사,1
의류판매관리,1
"장애인 복지관,사회복지사",1
출판기획 사무원,1
인쇄소 청소,1
회사사무원(사무직),1
근로복지공단 계약직 직원,1
차량 정비소 기술,1
포항제철 올정비원,1
음식업체 배달업,1
신발기계조작원,1
일용노동직,1
"생산, 관리",1
피아노 판매원,1
"박물관,학예사",1
기업체 운영,1
"해태제과,영업부",1
건설사무원,1
지재새무원,1
대부계 차장,1
대대 정보과장,1
실내인테리어,1
러시아 코디네이터,1
"교육청 공무원,센터 연구원",1
예술계통 강사,1
"보육교사,어린이집 원장",1
매장매니져,1
소형호텔카운터 직원,1
부품공장에서 일함,1
농업기계 정비,1
자동차 영업직,1
KT,1
연극 무대연출,1
기획파트,1
보안처리 엔지니어,1
건설현장 자재운반,1
"호텔직원식당 영양사, 호텔뷔페 서빙",1
단순 노무직,1
자동차 부품생산을 위한 선행기술 개발,1
물정수기,1
타 리조트 인턴사원,1
호장품 외판원,1
금융관리사,1
원란 염색직,1
경관 디자인,1
빌딩 전기관리자,1
정비관련업,1
"교육공무원,행정공무원",1
"원전연료 재장전, ERP기준정보 발전설비마스터 구축, 현 연구과제기술행정기획",1
의류업체 매장관리,1
서버 보안 관리자,1
임가공 생산직,1
파티쉐,1
봉제공장,1
인사과 업무사무원,1
산업기사,1
토목회사 기술직,1
컴퓨터 프로그램 개발자,1
"영업, 관리",1
개별용달,1
전자 제품 판매,1
"잡지사, 편집장",1
가계설비기사,1
병원근무(원무과),1
컨테이너기사,1
대기업,1
도의회 직원,1
"전산, 사무기기 서비스",1
"알바생(운동강사 파트타임,카페등)",1
섬유조작원,1
연구생,1
일반회사 직원,1
"골프연습장, 관리",1
신발공장 경영,1
도서 대여 사업,1
건설업체 개발사업부 근무,1
식당(분식집)운영,1
건설회사 연구원,1
내부공사 인테리어,1
가구인테리어,1
시설관리공단 직원,1
"음료,식품기계조직원",1
스카핑,1
"없다(군의관, 레지던트)",1
자동차세차원,1
봉제종업원,1
생명공학연구원,1
화물운송업,1
박물관,1
지점장,1
공사반장,1
택배상하자,1
백화점판매사원,1
고철,1
"서빙,주방보조",1
"자영업,의류",1
메이컵아티스트,1
유통,1
차량정비사,1
"사무경리, 총무",1
기계관련직,1
곡식작물재배원,1
리서치회사 수퍼바이저,1
군인 관제사,1
음식점 배달업무,1
미술학원 보조강사,1
전자회사 사무관리직,1
여행관련 회사원,1
악기연주자,1
수산종묘,1
대한산업 안전협회 기술지도자,1
재무관리,1
건설현장원,1
무대감독,1
고층외벽작업원,1
베아링회사(영업사원),1
정보통신(보안업무),1
단순노무업무,1
같은직업임,1
마케팅 사원,1
노점행상,1
보일러수리공,1
체육지도사,1
큐레이터(어시스턴트),1
온라인 판매처 자재구매 담당,1
화훼업 배달원,1
프린터 A/S,1
환경직 공무원,1
밀링,1
생산기계 조작원,1
프로그램 개발,1
"대학생, 개그맨 지망생",1
보일러 설치기사,1
사설경호,1
공사 감리,1
운수회사 경리업,1
유통업 조사,1
문화해설사,1
전화 영업원(부동산쓰),1
스토리작가,1
초등과,1
항공기 급유원,1
SW 테스트 엔지니어,1
콜센터상담원,1
"기업 인사팀 인사담당, 해외 가이드",1
중앙공무원,1
회사원 관리직,1
증권관련사무원,1
국토연구원 위촉연구원,1
요식조리,1
정비직,1
건설관련 직종 총무(재무) 업무,1
휴대폰 통신 대리점,1
후지칼라 근무,1
시청근무(공무원),1
인테리어컨설팅 대표,1
스카핑작업,1
제조업 단순노무자,1
뮤지컬 배우,1
도서 마케팅,1
교육담당자,1
동일하였음,1
선반기계조작원,1
상장기업 부사장,1
동일작업,1
건설관련직,1
내선공사원,1
트레일러 기사(자영업),1
단순 노무,1
화물트럭 운전,1
조각가,1
게임회사 사업부,1
스튜디어스,1
기계관련,1
제지회사 생산직,1
여행업,1
실내건축,1
선박엔진 연료분사 장치 설계,1
대형트럭운전(레미콘 믹서 트럭),1
한국IBM,1
동일직업군에 종사,1
식품 판매 제조회사 품질관리원,1
개인체육관 사범,1
일반직장인,1
육군대위(직업군인),1
해기사(선원),1
플라스틱 기게 조작원,1
국제특송업,1
내부감사 및 교육,1
베이비 촬영기사,1
비영리 사단법인 사무국장/남자프로 농구팀 코치,1
운송관련원,1
제조업의 관리자,1
영업판매직(현대자동차),1
총무과직원,1
제조공장,1
회사원(전기제품관리부근무),1
소매,1
주방장(한식),1
교육&컨설팅,1
영상기자,1
공작기계 개발연구원,1
제약회사에서 경리봄,1
특허청 심사관,1
시설관리업 공무,1
회사원(신발공장기능공),1
신발가게,1
행사기획사 마케팅사무원,1
대기업 생산직,1
애니메이션 감독,1
6급 교도원,1
반찬조리원,1
연구인턴,1
사무경리직,1
영업직 사무원,1
이벤트PD,1
"기념채,레난트제작",1
운송업사무직,1
마을버스운전,1
일반사무회계,1
의류 무역 에이전시,1
분재,1
2D 디자인 및 기획자,1
"작곡,편곡",1
인테리어디자인 기사,1
개인과외교습소운영,1
영화연출,1
학교 계약직,1
IT컨설팅,1
쥬얼리 영업,1
건설기계 조작원,1
제약회사 영업부,1
섬유외주,1
통신설치,1
판매-자영업(란제리가게),1
일본어 학원 강사,1
항공사 지상직원,1
산업 기계 제작공,1
영업사원(구체적 거절),1
H/W 개발,1
지금 직업이 이전 직업,1
선박자동회시스템 연구 개발,1
강사(거절),1
인터넷 설치기사,1
주방일(요리사),1
"웹디자이너(UI,UX)",1
자동차 관련일을 했음,1
맥주회사생산직,1
대학원생(없다),1
건축 시공원,1
"여행사상담부,예약실",1
"소매업운영, 판매업",1
신발 공장,1
호텔프론트근무,1
전지안전기술,1
회계팀직원,1
호텔 음료부 관리팀장,1
방송국PD,1
패밀리레스토랑 직원,1
납품업,1
정수기엽업사원,1
기업 관리직,1
경리사무원(아파트관리소),1
수질 분야 관리 및 연구,1
주유소총무,1
항공사직원,1
펄프 생산직,1
출판편집자,1
근로자,1
"원양어선(선원), 해양어선",1
경영기획사무원,1
임상간호사,1
홀써빙(식당써빙),1
조리사 보조,1
기계기술직,1
"전략사업개발, 광고기획",1
텔레마케트,1
서비스업 매장 매니저,1
"사업체,식당,영양사",1
"자영업,유통",1
주차장 관리,1
타이어공장 생산원,1
사무직(서비스업 경리부 근무),1
물류자재 사무원,1
보일러관리,1
자동차A/S/기사,1
제조업(경리과사무원),1
"강사, 미술치료사",1
영업용 택시운전사,1
대리기사,1
가정전기기사,1
초증급식(영양사),1
분식점운영,1
"간호장교, 독서지도사",1
사관생도,1
회사원(관리사무원),1
"학원강사, 과외",1
자동차 제조 현장직,1
판금,1
교통관련 연구원,1
전문지 기자,1
교육행정공무원,1
공구판매납품,1
법무사사무소 직원,1
자영업(3년),1
레스토랑 서빙,1
기계 제조 생산직 사원,1
배송원,1
부산 시립 단원,1
인력회사 사무원,1
"회계, 경리 사무원",1
구두 제조,1
병원 원무과 사무원,1
치킨집 운영,1
에너지 진단 관련 연구원,1
철도토목업,1
"무역,회사원",1
같다. 학생 졸업 후 계속,1
전자계통사무직,1
미용실 원장,1
전기수리사,1
한샘인테리어 물품출고,1
포스트프로덕션-2D아티스트,1
호텔서빙,1
경리 직원,1
S/W개발자,1
현대유리집,1
운송회사 근무,1
핸드볼선수,1
금융공기관 종사자,1
회사원(조경회사 사무직),1
조적원,1
보험회사 소장,1
건설토목,1
선박 정비원,1
어린이집.유치원,1
편집부,1
영화스텝,1
건강식품 판매원,1
세차장 직원,1
수학 교사. 방송구성작가,1
해군잠수사,1
사진 영업,1
학예연구원,1
"회사원,LG전화기생산",1
대학병원 응급실 간호사,1
노동일,1
전기부품 제조원,1
기술영업부,1
사회학교수,1
악세사리 판매직,1
마트상품판매원,1
생산직(농업기계부문),1
인사담당자,1
항공사승무원,1
산업관리사,1
기계장비 영업직,1
"가구(생산),회사원",1
"자영업,철물점운영",1
6급 교감,1
김밥집 운영,1
사립대학교 행정조교,1
[기아차 QC(Quality Control)],1
컴퓨터 판매업,1
완구 설계(장난감),1
오토바이수리공,1
기술팀 사원,1
대학교 직원,1
금형 프레스,1
"국어선생님,교사",1
경리직(전자제품제조),1
같은 계통의 연구원,1
설비보수원,1
여행 대리점,1
종합상사 영업직,1
웨딩도우미,1
이벤트 기획,1
일반 행정직 공무원,1
제조업 영업원,1
제조일 생산관리,1
생활환경 시험연구원,1
화공회사 현장직,1
중장비 조종사,1
건설 사무직,1
chef,1
아동복,1
수질분석연구원,1
유치원 운전원,1
컴퓨터 강사,1
방송국 세트 설치 기사,1
동일계통,1
전자관련 회사원,1
화장품 방문판매원,1
화공엔지니어(석유화학공장),1
신발판매직원,1
회사원(정수기 영업사원),1
단순제조 조립원,1
여비서,1
생활스포츠 지도자,1
공부방 교사,1
의류생산직,1
원기기사,1
"제조업(펌프,조립)",1
시멘트제조기계조작원,1
개인회사 생산직,1
여행상품개발자,1
중학교 축구감독,1
YTN 앵커,1
서비스직(써빙),1
시스템 프로그래머,1
비즈니스 데이터 분석가,1
"건축현장,일용직",1
전기 관련 회사,1
건설 노무원,1
"웹개발자, 디자이너",1
"섬유바이어(수출, 수입 통제)",1
현장직(노다가),1
식당서빙원,1
패스트푸드원,1
일반 사무행정,1
자동차 부품회사 근무,1
해외 시장 마케팅,1
무대디자이너,1
음료사업,1
광역시의원,1
음향해석SW 기술지원,1
재단사/샘플사,1
방송국 오디오 기사,1
총무과사무직,1
자동차 시트 기계조작원(생산직),1
학교행정사무원,1
철도 차량정비원,1
컴퓨터A/S기사,1
사업(자영업),1
방과후 미술 강사,1
음식점 서비스직,1
대학병원원무과근무(병원행정사무원),1
아동복지학 대학강사,1
컴퓨터 서버 영업,1
책방계산원,1
"보험사무, 텔러",1
데이터분석,1
제약회사 홍보마케팅,1
영화사 연출부,1
세무경리직,1
해외법인관리,1
탤런트,1
it업계종사,1
광고회사 직원,1
신용보증재단근무,1
철물공장 제조공,1
"건설기계회사 연구원, 자동차부품회사 연구원",1
품질관리 연구개발직,1
"부사관 전역, 동부대우전자 인사과",1
학교행정실,1
국립수산물품질관리원,1
건설회사 대표,1
"회사원,철공일",1
한약방(조수),1
동결,1
생산직 기계조립원,1
"샷시, 운반",1
"총무, 재무 회사원",1
판매직(여행사 영업),1
전자제품영업판맨원,1
건설사직원,1
병워 피부관리사,1
금융(은행원),1
유통업 영업직,1
사무실경리직,1
농기계 영업원,1
정비소기사,1
회사원(생산관리),1
개인회사,1
일반병원 조무사,1
유통업체 배달원,1
국립무용단 수석 단원,1
화장품 영업,1
핸드폰 판매,1
"재무,회계 업무",1
주점 서빙원,1
소품생산 공장 운영,1
키즈카페운영,1
문화재 발굴 연구원,1
신발가게 판매원,1
전업작가,1
신발제조 조립원,1
회사원(정보보안업무),1
제약회사 연구실,1
군,1
glass 품질 검사,1
기계제조업 청무과 일반사무,1
고분자공학 연구원,1
환경 엔지니어링,1
호텔 근무,1
웹 디자이너,1
(주)교원 총무부,1
헬스장트레이너,1
쇼핑몰,1
비파과검사원,1
인테리어 회사,1
인사관련 사무직,1
"패션그래픽 디자이너(=텍스타일디자이너),패브릭 R&D디자이너,",1
무용기획,1
여행마케팅부 부장,1
크레인운전기사,1
재개발업무(회사원),1
심야보일러 개발 및 유지보수,1
야화점 점호 자영업,1
전자기기 조립,1
로드마스터,1
기업체 영업직,1
전지제품 판매,1
학원실장,1
호텔조리원 보조,1
컴퓨터 엔지니어,1
병원물리치료사,1
섬유회사 재봉공,1
대기업 사원,1
법원근무,1
전산직,1
철근철단공,1
포설,1
디자인 업체 리서치 팀장,1
화물운수업,1
열관리 기능사,1
총무관리(경리과장),1
기업 홍보영상물 구성작가,1
번역사,1
홍보마케터,1
생산기계조작원,1
원무과근무(병원행정사무원),1
거절(생산직),1
"출소자, 노숙인 상담",1
유통 업체 물품 납품원,1
매장점원,1
기구설계엔지니어,1
판매직(휴대폰),1
의류공장,1
학생수,1
길거리에서 꽃 판매상,1
유아 어린이집 보육교사 보조원,1
매장 임직원,1
보일러기술자,1
춘해병원 일반 간호사,1
패스트푸드매니저,1
부서서무,1
굴삭기 기사 보조,1
공항 기상직,1
개인화물기사,1
설계사무직,1
"철근, 쵸크, 니트 설치원",1
신뮨사ㅡ 문화기획사,1
단순 생산직,1
투자업,1
디젤엔진설계,1
건설토목기사,1
보험 컨설팅(보험설계사),1
전직교사,1
연구소,1
메리야스 제조업 생산직,1
연구원. 시간강사,1
건축회사 공무직,1
사무원(제조업 관리부 업무),1
판사,1
"개인사업,식품납품",1
공사관리(토목),1
자영업(의류판매점),1
트럭 운전사,1
"전기,인버터 개발업무",1
축탁직원,1
자영업(태권도학원),1
특허청 심사관 심판관,1
"한전 위탁원(검침, 수금)",1
"쇠톱,칼,자",1
기정교사(일반교사),1
스포츠센타 운영,1
웃음치료사,1
화학제품 연구원,1
호텔 아르바이트생,1
섬유기게조작원,1
골프 용품 판매원,1
보안요원(코엑스),1
법무사 사원,1
자동차설계,1
관련직 아르바이트,1
IT엔지니어,1
태권도사범(강사),1
정보처리사,1
정보보호컨설턴트,1
자동차 부품 설계 및 개발 업체서 기계조작원,1
S/W 개발연구원,1
판매직 판매원,1
약업사 직원,1
종합건설회사 현장소장(대리인),1
건설관련쪽이라고 말함,1
자동차 판매,1
서비스업(외식업체)서 근무,1
인쇄업체의 물류담당,1
학생 - 예술,1
품질경영,1
건축 관련,1
의료 판매 서비스,1
지금과 동일,1
"연구원,동아대박물관",1
어학강사,1
소프트웨어프로그램개발자,1
웅변학원원장,1
연주자 활동,1
모션그래퍼,1
"연출가,작가",1
개인사업자(서비스업),1
정미소,1
"새마을 금고 이사장,관리자",1
같은 업무,1
건축업(인테리어),1
"제조업 대표이사, 임원",1
식품회사 식품분석원,1
"전산개발, 관리",1
광고마케팅,1
의류 디자이너,1
대기업 제조회사 사원,1
연주가,1
핀메자영업,1
생산직사원(구체적 거절),1
피부과,1
건설회사근무,1
사무직회사원(경영지원부 근무),1
보건소의사,1
"원사제조업체, 염색가공업체",1
KT인터넷 설치 기사,1
과일팬매점운영,1
디자인학원 상담,1
조선기자재 연구.개발,1
유통업체 물품배달원,1
보험회사 관리직사원,1
직장(공장 생산직),1
인테리어 실장,1
대출심사원,1
"제조업,서비스업 등",1
사무직(제조회사),1
지점 지원사원(사무),1
서비스직(관악기판매원),1
상장회사임원,1
건설감리 사무보조원,1
일반시설 경비원,1
LED 연구,1
네트워크 시스템 엔지니어(운영관리),1
상업(식당운영),1
스튜디오 운영,1
교육직,1
백화점마케팅업무,1
그레이딩사,1
박사과정 학생,1
공군전투기조종사,1
가죽재단사,1
일반회사에서 사무직,1
태그 용접,1
통신사직원,1
금융텔러,1
기계 엔지니링,1
"인테리어 공사,기술자",1
축구선수 코치,1
민간기업 직원,1
밭농사꾼,1
강사 교수,1
연구원(기계),1
신문사사장,1
섬유공자에서 일함,1
영화 연출가,1
합판 회사원(공장),1
스포츠용품 디자인,1
아파트관리사무소 근무,1
위촉연구원(국책),1
운동치료사,1
프로그래머(중소기업 전산실근무),1
"회사생활,제조업",1
시장,1
악기 판매,1
실험직. 토양분석,1
국가공무원 약무직,1
상품 납품 영업,1
건강기능식품 배달원,1
"주식중개, 주식매매",1
테스트 엔지니어,1
통역업,1
"작가, 공무원",1
병원약사,1
단순 노무원,1
"직업군인, 항공사 정비사, 해양경찰",1
구두제조업,1
"제조업, 사무직",1
식당(서비스직) 서빙,1
생산 기능직,1
식당서빙(종업원),1
건설업 종사(건설회사 전산실),1
영화주간지 기자,1
회계팀,1
인사팀 사무원,1
예약발권과,1
해양생물 연구원,1
콜센타TM,1
휴대폰수출,1
의류업자영업,1
병의원 컨설팅,1
"식당,주방보조",1
웨딩 알바,1
전신장비 설치 유지보수,1
유치원 원장,1
Programmer,1
PC설치원,1
토목엔지니어,1
서비스업(구체적으로 거절),1
건설업 직원,1
대기업 마케팅 사원,1
tour manager,1
공동주택 주택관리사(관리소장),1
사진관 근무,1
테이터관리자,1
인쇄기계 조작원,1
"서비스직(판매원,통신회사)",1
연구관리자,1
공연종사자,1
정신과의사,1
이벤트 회사 직원,1
공무원(관세공무원),1
이사짐센터,1
과외지도,1
물품배달원(납품),1
"영상편집감독,인쇄디자인,프리젠테이션디자인",1
"웹디자인, 웹퍼블리싱",1
보험회사 판매원,1
프론트 데스크,1
화물트럭 기사,1
개인전기공사업,1
"생산, 물류, 제조",1
제조단순 노무일,1
투자분석업무,1
옷 제조업,1
"보일러,공조기,냉온수기,세관및 수리 서비스업",1
세차장 알바,1
해외무역 영업자,1
요가 강사,1
토목회사(공무직),1
선박회사 관리사무원,1
출판물편집자,1
예술단원,1
전자제품 제조회사 근무,1
경영지원부서 근무직원,1
전기공사 기술직,1
양식장에서 잡부로 일함,1
동부화재회사 사무직,1
컨텐츠 기획,1
영업원,1
대기업회사원,1
베이비 스튜디오 직원,1
건축안전기술연구원,1
ghltkdnjs,1
가전제품 A/S기사,1
교사(국어),1
전자 부품 조립원,1
색채디자인 설계,1
"없다(무직, 가끔씩 알바만 했음)",1
생산직 기능원,1
크레인 실험원,1
서비스업 관리브 근무,1
압연원,1
일반 생산직,1
헬스 강사,1
동일했음,1
유치원 보육 교사,1
떡 제조원,1
건설업체 사무원,1
건축사(설계),1
사업관리,1
영화사 사무직,1
제약회사 연구개발팀,1
현장 노무직,1
건축산업기사,1
도장기조작원,1
생산직원,1
"건설업, 현장관리원",1
DB손해보험에서 근무,1
제조업 기계조립원,1
제약회사 QC,1
편의점점주,1
외국어 학원강사,1
버스 운전직,1
전기기구판매,1
외식산업분야종사,1
건설회사 종사,1
여신부 차장,1
사무원(일반회사 회계),1
원단공장,1
해양조사 연구원,1
축구코치,1
제품 분석,1
인공지능센타,1
양화점,1
전자회사 엔지니어,1
통신기기판매원,1
펜싱코치,1
중고자동차 판매원,1
넥센 타이어 영업사원,1
교육연구원,1
고속버스기사,1
전기판매업,1
회사원 (사무직),1
컴퓨터 선생님,1
영업사원(구체적인것 거절),1
섬유생산현장,1
폐기물 처리 연구원,1
기획피디,1
편집 디자인,1
학자,1
"박스,인쇄",1
조선소 사원,1
"전기공사,전기설치기사",1
전기공사 공부. 현장대리,1
제조공장 근무,1
특수학교교사,1
재입사,1
자영업(휴대폰가게운영),1
지원부서 팀장,1
기업체 사무원,1
청와대 춘추관장 겸 보도지원 비서관,1
제과회사 영업관리 사무원,1
경량철공공,1
단순포장원,1
기술지원(AS),1
"회사원,경리사무원",1
철근제조업체 생산직원,1
개원의,1
음식판매,1
시공업체,1
호텔 식음료 파트장,1
"학원강사,바리스타",1
일반제로 생산직,1
식당 종업원,1
태권도장운영,1
편집,1
현장관리재,1
제지회사 근무,1
한국화이바 운송과 기사,1
과수원 장,1
대기업 인사팀 인사업무,1
증권거래,1
서비스업(배달),1
쇼핑몰CEO,1
"공무원, 전기공사업무",1
"회사원,사업",1
없음(대학생),1
악세사리 대리점,1
도시철도 관제사,1
홀 서비스원,1
문구점,1
SW출판 판매영업직,1
제조회사 관리사무원,1
디지털 저울 케이싱 제작,1
식당 카운터,1
"사법연수생, 공익 법무관",1
펜션관리,1
장애인 돌봄 서비스,1
인테리어 디자인 기사,1
배관설비,1
물류업,1
조명감독,1
공장사원,1
조선기자재 생산 업체 생산직 직원,1
방송국 PD,1
건설회사 용역,1
아파트 관리사무소 시설,1
시스템소프트웨어 개발자,1
가방디자이너,1
대학교 축구 감독,1
옷판매,1
하수도청소원,1
"제품 디자인, 모델러",1
휴대폰 매장 딜러,1
전기기사 및 계량,1
자재과 사무원,1
내선전기공사 기사,1
대학교 교직원,1
기술 임금근로자,1
생선을 트럭에서 판매,1
통신 기계 설치,1
노점상 운영,1
기아자동차서비스(자동차정비),1
설계회사엔지니어,1
조세행정사무원,1
병원행정,1
신문사근무,1
논술학원 강사,1
장애아도우미,1
여신관리,1
"학생, UI디자이너, 게임UI디자이너",1
안마사,1
비숙련기능공,1
제조업 생산관리,1
한화아쿠아플라넷 해양포유류 아쿠아리스트,1
제조업 생산직 근무,1
액세서리 판매원,1
IT부품제조 생산직,1
애니메이션 강사,1
제과제빵사,1
유통관련 대리점 운영(구체적거절),1
"보험설꼐, 마트직원(자영업)",1
카메라맨,1
커피숍판매알바,1
같다,1
일반회사 마케팅팀,1
"무용수, 강사",1
설계 사무소,1
제조업(금형원),1
제어장치 기계조작원,1
분석사,1
주류 매장 관리,1
금속 관련 사무직,1
Auti moile part test,1
"서울지방병무청, 징병전담의",1
해군 해상작전헬기 조종사,1
보건계열 직업종사,1
(편집기자),1
고등학교 체육교사,1
중학교 축구 코치,1
삼성 서비스 근무,1
웅진 씽크빅 지국장 (관리자),1
보험 보상 업무,1
신발업체 생산직,1
가구공장에서 일함,1
운동화판매직,1
학습지방문교사,1
제조회사 생산직,1
전문직 기자,1
회사원(자재관리),1
사무 경리,1
"자영업,판매직 종사자",1
동종,1
한국연구재단 연구과제 책임연구원,1
노무법인사무원,1
유압측정기,1
제조회사 사무원,1
전기전자 제품 연구원,1
메이크업아티스트,1
전공의(영상의학과),1
농축산업,1
조리보조,1
"직장인,크라운 베이커리 운송기사",1
외국계 기업회사m,1
버스운전사(자영업),1
테니스코치,1
수선원,1
하드웨어 엔지니어,1
산업전기기사,1
자동화설비 설계,1
3D 모델링 디자이너 설계,1
카인테리어센터 기술직,1
오디오복 회사 성우 (직원),1
강사(상설학원 초빙강사),1
호텔청소,1
주물공장 기능원,1
의류제조업 현장 생산직,1
농산물 판매원,1
"홍보, 컨설팅",1
"대학조교, 공연스탭",1
택배 운전,1
"역무원,차장,기관사",1
생산직 사원(기계조립),1
"통계청,임시직",1
"연주자, 방과후 강사, 대학병원 이비인후과 검사실 청각사",1
자동차판금보조원,1
스포트마사지사,1
건설회사 근무,1
자동차 운전학원 종사,1
한식당 홀서빙,1
 판매업,1
무대감독 보조원,1
슈퍼마켓 자영업,1
레미콘영업업무,1
게임그래픽 디자인,1
"강사, 조감독",1
플라스틱 기계조립원,1
구두제조원,1
증권사 직원,1
매니저,1
자동차부품성능시험원,1
일반행정 사무원,1
공무등,1
감리업,1
관제사(동일함),1
재무팀 차장,1
관리 기획부장,1
이블 소매업,1
조선소 마킹기사,1
금형제조,1
"대학박물관, 학예연구원",1
휘트니스 트레이너,1
동물원사육사,1
도배원,1
"설계,건축사무소 근무",1
호텔서비스업,1
인터넷 회사 사원,1
게스트하우스운영,1
무역회사 영업,1
설계실,1
태권도사범 지금 도겸직하고 있음,1
미술교육 및 미술협회 사무국장,1
광고기획. 영업(AE),1
자영업(악세서리점 운영),1
"일반회사 사무원, 2 금융권",1
빵집,1
"수질분석,계약직",1
정기공사업종 건설사,1
산학협력단 연구원,1
송출,1
법무법인,1
인테리어 사업,1
단열기사,1
방송AD,1
보험관리사,1
자동차 도장,1
금융직,1
개인사업(자영업),1
컴퓨터 학원 강사,1
특허 사무원,1
탁생,1
"자영업,서비스업",1
음식점업 운영(한식),1
건축시공기술원,1
영상편집가,1
단순 서비스원,1
배송직,1
화장품판매직,1
중학교선생님,1
AS기사,1
유통업(구체적 거절),1
애견사료판매직,1
R&amp;D 연구소 연구원,1
박물관학예연구사,1
민간기업 컨설팅 연구원,1
환경영향평가 연구원,1
원무행정원,1
양복재단사,1
홍보PR,1
"환경직,사무직",1
호텔수습사원,1
20살 부터 개그맨,1
인테리어 사업자,1
공장에서 일함,1
사회운동가,1
호텔 홍보과,1
"음악학원운영, 사진기자",1
신탁회계,1
배우.연극 연출,1
병원실장,1
"전기공사, 소방공사",1
전자 제품 수리원,1
자동차 제조 현장원,1
다이케스팅 주조제조,1
판매영업직,1
음식자영업,1
"전자화자동차부품기술 개발(계명대학교 RIC센터 선임연구원), 선박용 엔진펌프기술개발(쌍용중공업 기술연구소 연구원)",1
개그맨 라디오디제이 가수,1
"전기공사,현장직",1
전기재료용품 소매업,1
자동차생산기술담당,1
부동산관련,1
컴퓨터 감리사,1
에스테틱 상담,1
통신판매업,1
ADT CAPS,1
자영업자(치킨집),1
접수사무원,1
합창단원,1
전신실근무,1
대리석판매원,1
종합엔지니어링,1
과일판매원(과일가게운영),1
"생산관리직, 트럭",1
발굴조사원,1
영화관 매니저,1
가구배달,1
기계조작,1
떡제조원,1
GAS배달,1
대출,1
보험사직원,1
화물차 운행,1
음료수회사 영업사원,1
타일공.줄눈시공,1
물류관리 사무원,1
항공사 발권업무,1
이벤트 교육업,1
베어링 제작,1
학생 &lt;없다&gt;,1
부동산 자영업,1
건물 관리원 (전기 보수쪽),1
조명음향팀,1
버섯,1
건설회사 현장근무,1
디스플레이 생산직,1
전동차 승무원(차장),1
2,1
자동차회사 연구원,1
사무직직원,1
하투이스트,1
"구두 수제화, 장인",1
기계장치생산직,1
농산물 판매,1
해외영업부장,1
건설노무 단순노무사,1
창이국제공항 SATS 인턴 (발권 업무),1
전화국 기술직,1
웹엔지니어,1
"텍스타일 디자이너, 컬러리스트, 그래픽디자이너",1
회사 일반 사무원,1
카메라 감독,1
아동미술치료사,1
화장품 영업판매사원,1
Computer 유통,1
양돈장 관리,1
측정분석,1
책판매원,1
정수기A/S기사,1
"쇼핑몰,웹디자이너",1
라디오방송AD,1
관리자,1
홍보담당관,1
한식(음식) 학원,1
패밀리레스토랑 매니저,1
"영상연출가, 촬영자",1
전도사님,1
수도검침원,1
잡부(조적공),1
보안가드,1
대부분 청년 위주의 취업 가능,1
은행전산시스템,1
음식 판매원,1
기획 디자인,1
노점상운영,1
금융상품 영업,1
수화통역 센터 및 농아노인주간지원센터(사회복지),1
인쇄출판 기능공,1
교육상담원,1
수학학원 강사,1
개그맨,1
장비 설계,1
"정비소,서비스",1
배송 빛 A/S기사,1
도소매 서비스업,1
일반 연구원,1
대학교 계약직 직원,1
전기부품 대리점 운영,1
it 강사,1
기간제교사(중등),1
대학원 연구생,1
선생,1
네일언,1
기계 기술직,1
중장비 수리기사,1
도로설계업,1
카용품 판매,1
호탤 프론트 직원,1
출판회사 경영자,1
"화약 고소장 ,발파 팀장",1
반도체설비 유지보수,1
개인사업(유통업),1
조달청,1
제조회사 품질관리원,1
자서,1
학습지 방문교사,1
복지지도원,1
제품영업,1
보험계리사,1
꽃집,1
"학생,알바",1
회사원(생산직),1
택배회사직원,1
삼성화재 보상과,1
건축자재 운반,1
아동치료사,1
회사원(서비스직),1
공업 공기계 조립,1
ㅇ벗음,1
서비스업. 호텔리어,1
"배우, 필라테스강사",1
판매사원.휴대폰 상담콜센터,1
설비업체 기사,1
일반회사원(경리),1
진료의사,1
마트 배송 직원,1
미장업,1
가전제품회사,1
건설경영(하청업),1
방송통신 선로 보수 작업,1
기계 설비원,1
카메라,1
어닝,1
기계가공관련 기능공,1
전산 담당자,1
체육과 시간강사,1
하이닉스 생산직,1
아이롱사,1
대학 연구원,1
원자력 연구원,1
"한식조리사,일식조리사",1
증권회사직원,1
"기타,제조업",1
한진택배기사,1
학생(없음),1
환경기사,1
기업품질보증업무,1
"총무부 사무직원,회계 업무",1
배달서비스직,1
대형버스기사,1
연구원(자동차용접기기 개발),1
선박회사30년 근무,1
대학신문 편집장,1
한국전력공사,1
인사담당,1
오토바이판매원,1
직업 훈련 교사,1
광고기획사무원,1
지리정보,1
게임개발자,1
서비스업종,1
재무팀직원,1
협력업체근무,1
케셔,1
관공서 직원,1
"자영업,식품유통",1
포크레인,1
"PC, 한글작성",1
서비스직(자동차판매원),1
"한국수력원자력, 기술직",1
서버 엔지니어,1
동일(재단사),1
쉐프,1
음악강사,1
영화사인터,1
실험실연구원,1
영업직(자동차),1
기업인수합병 컨설턴트,1
상장회사 경영기획 관리자,1
유사업무,1
대마 과장,1
하수관거CCTV판독,1
건축감리 기술자,1
"교육서비스,핸드폰개발",1
식당업무,1
가스 판매업,1
학원 교사,1
일반회사 영업직,1
신탁관리부 일반 직원,1
정육판매,1
네트워크 프로그래밍,1
레스토랑서빙,1
건설현장인부,1
부산 시립 합창단원,1
IT업체근무,1
청명고등학교 스키코치,1
리서치 조사원,1
군인 조종사,1
제조업기계가공직,1
CNC선반,1
병원 사무원,1
"판매,서비스직",1
pc판매점 운영,1
6급 교정직,1
은행 전산,1
페인트 제조회사 기계 조작원,1
보험지점소장,1
세탁기계조작원,1
헬기조종사,1
동일업종 환경연구원,1
정비소 직원,1
공학엔지니어,1
KBS예술단원,1
촬영,1
인쇄공장 사무직,1
승강기 기계 회사원,1
금융 회사 재무부장,1
안내접수원,1
자영업(중국집운영),1
출판사직원,1
육군항공,1
관리.총무,1
대기업 직원,1
실내 인테리어 잡부직,1
기업체 회사원,1
섬유업,1
건설회사 경리,1
자영업 식당,1
학회간사,1
청소년상담사,1
도매업운전,1
홍보마케팅업무,1
열처리기능사,1
가전제품 as기사,1
동일(없다),1
홍보실 홍보담당,1
농기계 설계파트 근무,1
국어 강사,1
타올제조업,1
미장이,1
학교밖청소년지원센터,1
식당 주방보조원,1
"동종업계,같은일 함",1
마트상품정리원,1
자영업(차량인테리어),1
홈페이지 관리 개발,1
먹는물 검사 기관,1
요리,1
월간지 편집자,1
측량업,1
가죽회사영업,1
건설단순종사자,1
주부.영어교육 강사,1
화장품 판매직,1
해군부사관,1
일반사무,1
정보보호 담당자,1
미술지도 선생님,1
검찰직 공무원,1
고기집(식당운영),1
공연기획 인턴,1
운동사무원,1
전기부품 생산직,1
사무직(의원 원무과 직원),1
기계맨,1
보조원,1
의약품 영업직,1
일반 회사원(가전 AS기사),1
병원응급구조사,1
에디터,1
직업 상담원,1
타이어 영업도 근무,1
사무직(유통회사),1
제조업 관리부 근무 회사원,1
대학원,1
(식품제조)개인사업,1
건축시공 기술자,1
트레일러운전기사,1
토목 엔지니어,1
공장장,1
조선사,1
중학교 시간제교사 1년,1
"곡식작물재배,쌀농사,농부",1
국어강사,1
건설쪽이라고 함,1
"그래픽 디자이너, 광고디자이너",1
전기공사관련 일용근무,1
전기안전관리 대행업체,1
쇼핑몰 MB,1
cgv매표직원,1
제품포장원,1
식품분석,1
락커 (뮤지션),1
공연예술 기술팀원,1
방송국기술감독,1
텔레마케터(통신사),1
외식분야산업,1
컴퓨터 교육강사,1
"도로운송(부장),사무원",1
직업군인(전역 후 새직업 변경),1
보험판매직,1
보육교사 교사,1
세차요원,1
제약회사직원,1
건축업자,1
모형도색(프리랜서),1
마트캐셔,1
주택관리사무직,1
에디터(뉴미디어),1
구청직원,1
내선 전기 공사,1
세차장 운영,1
아파트청소원,1
시멘트기계 생산직,1
요양병원 원무과,1
유치원 미술 강사,1
설비 보전,1
식품회사,1
회사원(컨설턴트 업무),1
영동병원 비서실,1
전기부품 생산업체,1
의원 원무과 종사,1
건설회사사원,1
TJB 교향악단,1
전기설비 유지보수,1
항공기 제작,1
화물트럭 운전사,1
덤프 트럭 운전,1
여성옷가게 판매원,1
작곡지망생,1
전기 안전관리,1
컴퓨터 영업사원,1
관리직회사원,1
실용음악학원 강사,1
회사원(건축회사 현장소장),1
식품 생산직,1
식자재배송,1
공장현장직,1
주택관리자,1
조력공,1
인터넷 쇼핑몰,1
주택설비,1
건설현장(일용직),1
박사후 연구원(비정규직),1
신발 제조업,1
대학 부설 연구소 연구원,1
금융계 영업사원,1
조명기기사,1
병수행정사무원,1
사무 경리원,1
온라인 게임회사 C.S팀 근무,1
전자제품(PC)판매사원,1
도시락제조공장 현장직,1
관세 공무원,1
스튜어디스,1
정형외과 의사,1
화물선 항해사,1
동부화재에서 근무,1
"제조업 회사의 관리 및 영업관리, 구매",1
애완동물미용사,1
4년제 대학 전임교원 (조교수),1
타이어기계 조작원,1
청소년 진로 상담,1
"중앙대학교 산업교육원(포장디자인, 플라워 디자인)주임강사",1
컴퓨터 수리기사,1
판매서비스원,1
관상어파트에서 연구원,1
은행 상담원,1
드릴,1
중등 기간제 영어교사,1
"건설업,건설회사에서 근무",1
서비스업(식당서버),1
트럭운전직,1
물품 이동정비원,1
검사관,1
유통관리,1
웹사이트 제작업체 코딩원으로 근무,1
"프로그래머, 네트워크 엔지니어",1
현대건설회계팀사원,1
교사사,1
백화점 인포,1
양장,1
샘영보험회사 설계사,1
음료제조사원,1
보험회사업무(영업),1
"여객운송업무,지상직",1
양어장,1
장애인 리프트 정비원,1
식품 제조업체 품질관리원,1
기간제 중등교사,1
어민후계자.활어유통.항운노조,1
택배여직원,1
포장업무,1
여론조사(리서치),1
국제팀 간사,1
카센터 경리,1
IT 개발,1
직업 군인(장교),1
미용헤어 디자이너,1
서비스업(커피숍운영),1
화물트럭운전기사,1
콘크리트 절단기날 제조원,1
의료사업,1
한약방 종업원,1
개발부,1
학원 선생님,1
부동산공인중개사,1
건설회사 영업부 사원,1
남성복 미싱사,1
대학원 학생,1
팔매업(과일장사),1
주조원,1
IT인프라 담당자,1
고객센타 상담원,1
양복점근무,1
대신증권직원,1
시내버스 운전,1
제약회사 근무(사무직),1
"병원 행정직, 의무기록사",1
음향업체설비,1
시스템개발,1
자동차부품제조업(생산직근무),1
학예연구관,1
"웹기획, 웹디자인",1
보석가공원,1
학원운영자,1
백화점직원,1
전통무예 연구원,1
영화연출부,1
서점점원,1
자영업(제조업-임가공),1
반도체장비 설계 디자인,1
행정 사무직,1
화학보조교사,1
IT 기술기획,1
백화전 판매원,1
농업회사법인총무,1
구매담당원,1
구두판매,1
대학시간 강사,1
국책 연구소 연구원(비정규직),1
변호사 사무원,1
건축음향시공,1
사법시험,1
의류매장운영,1
해녀,1
공구상 판매,1
제약 영업,1
"설계,감리",1
선박수리원,1
유통업 사무직,1
해외구매업무,1
웨딩디자인,1
법학교수,1
유지보수,1
"핸드폰, 판매직",1
적산원,1
자영사업,1
해석SW,1
점원,1
반도체 공장직원,1
기계관련업종 종업원,1
조선소 현장직원,1
냉동기계사,1
응급실 근무,1
정육점 판매원,1
곡물가공식품 제조업체 기능직,1
전기 용접공,1
건설기능원,1
연구소 기능직,1
대학교 교수,1
"비파계 검사, 생선양식",1
건설업체 홍보분양팀,1
지게차운전,1
경기 사무원,1
일용직근로자,1
유통회사 신용 판매 직원,1
음료대리점,1
생산 전송장비생산,1
감리전문회사 근무,1
현수막 등 잉크 인쇄 관련 연구원,1
기술직 사무원,1
생산직 직원,1
관련 직종,1
품질관리 및 연구,1
도소매 판매업,1
경동택배원,1
손해 보험회사 근무,1
음악가,1
금형생산직 직원,1
무급가족조사,1
개인회사 연구원,1
레스토랑(주방보조),1
유통업계서비스,1
무역회사 총무,1
(자영업),1
전기공사일,1
구의회의원,1
목공업(건설),1
영어학원 강사 및 해외사업부 팀장,1
영화 편집자,1
농사(현재까지 농사를 짓고 있다),1
어려서부터 농업에 몸담고 있음,1
농사(농업),1
기업연구원,1
"주민센터 사무보조, 일반사무직",1
자동차 업계 개발팀 연구원,1
교육 프로그램 개발자(연구소 소장),1
카메라기자,1
개인업,1
총무부 사무직원,1
휴대폰 판매영업,1
아이돌연습생,1
쥬얼리 판매원,1
온라인 쇼핑몰 전화상담,1
"실험실 약품 개발원,방지시설 기술 개발원",1
해당회사 부사장,1
여행안내원,1
금속 열처리,1
화장품 가게직원,1
유니폼 제조회사 기계조작원,1
해양 설비/ 교수/교수,1
건설업 회사원,1
전기관련 기술직,1
대학병원 응급실,1
운전차량 기능사,1
타이어 생산공장,1
컴퓨터 용품 도매직,1
무역회사 사무보조,1
휴게소식당조리원,1
컴퓨터 수리 기사,1
전기철도공사 감리 및 설계업체,1
"학생,건설사,안전관리",1
스포츠 투데이 기자,1
코더,1
영상그래픽디자이너,1
전기전공,1
세탁수선업,1
관광회사 여행사무원,1
당구장 운영,1
화훼재배원,1
의료 판매점원,1
요양사,1
공무원(구체적 거절),1
대학교 연구 조교,1
환경영향평가 및 인허가 작성,1
"학생, 수련생",1
섬유자연,1
노인생활 지도원,1
매체 개발연구원,1
국악인,1
경비일,1
생산직 공돌이,1
"해운회사, 안전품질팀, 대리",1
군청사무보조원,1
교수학습센터 조교,1
자영업(해산물),1
전기부품기계 조작원,1
중학 기간제 교사,1
현장 생산직,1
화장품방문판매원,1
이벤트(행사 이벤트) 개인사업,1
대학입시 조소강사,1
해당기업의 부사장,1
타일판매원,1
미술,1
양식조리,1
HR Representation,1
내선전기설치기술 기술자,1
종합병원 수술실 근무,1
명광주얼리 대표이사,1
동일계열,1
의류판매자,1
연구소 소장,1
트레일러 기사,1
카지노 안전,1
전자기기 기사,1
해외 영업사원,1
사무직(관리팀),1
소프트웨어 개발원,1
통신장비기자,1
수리공,1
헬스키퍼,1
이불집,1
회사관리직,1
객실팀,1
일어 강의 강사,1
영상 제작,1
롯데하이마트,1
브랜드 컨설턴트,1
유기합성연구원,1
보안업무,1
보험업,1
인테리어 기술,1
일용직 근로자(건축현장),1
구청사무원,1
계속같은일,1
리서치회사 연구보조,1
전자제품제조,1
타 방송국 PD,1
재무,1
의료 제조업 사무직,1
회사원(제품품질 관리원),1
HRD컨설턴트,1
휴대폰A/S기사,1
행사진행자,1
"검찰,공무원",1
만화기획,1
광고 마케팅,1
공무원(판사),1
건설사 사무실,1
건설업(현장직),1
대학교 소음연구원,1
영업 사무직  사무원,1
피아노학원운영,1
직장회사,1
"회사원,자재 사무원",1
홀써빙,1
법무관,1
백화점 화장품 판매원,1
자동차부품회사 생산직,1
"건설노동자,일용직",1
출판사 편집 사무원,1
전동차 승무원(기관사),1
자동차 부품 개발,1
의류 해외영업,1
사무직(영업관리),1
주방장보조,1
화장품외판원,1
전기 설비사,1
건설회사 막노동,1
신부도우미,1
현장노무직(건설회사),1
이직없음,1
제조회사 자재담당 사무원,1
체육관 기계실 근무,1
요식업 주방장,1
미술학권강사,1
우체국 근무,1
철감제조생산직,1
과일노점상,1
군장교,1
설비설치기사,1
건설업 건축설계,1
"전자,전기관련 연구원",1
RF Enginner,1
"자동차정비사, 치과 기공사",1
자동차부품공장(생산직),1
요리사.조리사,1
건설업 근무,1
미전A/S기사,1
웅진코디,1
건축 시공,1
전기안전기술자,1
경매장 관리원,1
중등기간제 교사,1
"병동 임상,간호사",1
"광산팀, 업무지원팀, 생산설비운전",1
서비스직(거절),1
"무용수, 문화예술교육 강사",1
의상실 경영,1
의류 판매직(스포츠의류),1
PC방 운영자,1
민간제조업체 기술직,1
목회상담사,1
건축설비설계 및 공사관리,1
제트스키,1
자산관리사,1
페스트푸드 직원,1
자영업(호프집운영),1
자영업(거절),1
태권도 시법,1
운전직(버느운전기사),1
화학물 분석 연구소,1
타협회 사무직,1
면도사,1
플랜트 공정 설계,1
도서판매직,1
무역 세무 사무원,1
화장품 패키지 디자이너,1
삼양라면 운전원,1
유아특수교사,1
"건설,기능공(미장)",1
pd,1
음식조리사,1
회계 관련 사무원,1
악기공장,1
FRP 수치 공장(완제품 만듦),1
건축일,1
프론트 직원,1
체육관 관장,1
건설회사 총무과 직원,1
신부,1
광교 제작사 모델러,1
제조업 생산직(기계부품조립원),1
고등학교 축구감독,1
은행 텔레마케터,1
서점계산원,1
인공지능 개발자,1
자동차 부속품 판매원,1
마트 배달 사원,1
위기 청소년 교육 및 상담,1
건설 단순노무직,1
기술행정직,1
제약회사연구원,1
사무원(제조업체 경영지 외부 근무),1
배관조공,1
경기,1
중전기회사 근무,1
"학생,치과의사,병원개원",1
화장품매장 직원,1
김치제조원(생산),1
화장품 판매사원,1
생산직(금형원),1
RF엔지니어,1
특허청 사무관(심사관),1
학교강사,1
통신회사 사무직,1
조색사,1
창호철물 사용도면 작성,1
대기오염 방지 시설 설계 및 시운전 등,1
운송회사 사무원,1
회사원(영업),1
영상제작자,1
냉장고 개발직 사무원,1
가전AS기사,1
공무원(세관공무원),1
동익 직종,1
에니메이터,1
방문학습지 선생님,1
소방설비기사,1
병원장,1
사무직사원(경리),1
박사후 연구원,1
"PC방점장, 경호원, 상담사",1
호텔매니저,1
건축 사무실 근무,1
"교육,강사",1
제약회사 실험실 보조직원,1
휴대폰판매업,1
공업기계 정비원,1
외식관련업,1
구두제작원,1
전시영상애니메이션 기획자,1
생명보험관리자,1
붓.도장공구.롤러.페인트건,1
주류판매원,1
고등학생,1
VMD 프로젝트 매니저,1
디스플레이용 제조 장비 개발,1
보험보상사무원,1
기계제작현장직,1
중 고등 기간제교사,1
"기획,마케팅",1
기계정비원,1
신발기계 조작원,1
선반송,1
전기.전자 제품 판매,1
공공기관 직보,1
한식주방장,1
똑같음,1
방송카메라기사,1
육상선수,1
고객 상담직,1
포코젝트 매니저,1
병원 상담실장,1
운동,1
섬유회사 현장직,1
도시계획설계사,1
프리랜서 아나운서,1
Event Planner,1
제조업체 생산직 직원,1
사무직(회계사무원),1
실내 인테리어 작업직,1
해외영업-시장개발팀,1
카메라 촬영기사,1
마케팅기획(회사원),1
연구,1
단편문학(소설) 작가,1
육군항공 헬리콥터 조종사,1
"장영업,구멍가게",1
법원 사무원,1
호텔사무원,1
필링검수,1
전기안전공사,1
조명관리,1
신발제조업(기능직),1
제조업 회사원,1
육군 조종사,1
공무원(사법연수원생),1
전기 설치업무,1
부동산 중개업,1
경영 회계 사무원,1
일반사무원(총무사무원),1
학교행정실 근무,1
공무원이라고만 함,1
프리랜서 연주자,1
남성패션모델,1
새무공무원,1
전기부품 조립원,1
연구원. 강사,1
manufacturer engineer,1
미디어플래닝 담당자,1
"군인, 대학강사",1
철도차량 부품 제작업체,1
로펌 패러리걸,1
상품판매원(슈퍼),1
양복점 경영,1
간판제작 운영,1
건설현장 기사,1
기업임원,1
야키토리야,1
개인집 운전기사,1
촬영보조,1
제조업체 생산직,1
관세사 사무실 사무보조,1
철도 운기기 설계,1
피아노 선생님,1
전산직 회사원,1
스타일리스트,1
공장자동화엔지니어,1
토목공사현장감독,1
건설회사 관리사원,1
제봉사,1
화장품 판매,1
건설기계 정비원,1
영화프로듀서,1
리서치,1
방송국 엔지니어 근무,1
Brand Manager,1
풍력발전기 기술자,1
소방설비 공사,1
인테리어 일,1
자동차 부품 제조업,1
군 헬기 조종,1
편집장,1
토목 관련일을 했다고 함,1
"건설회사,자재관리",1
건설회사 총무직,1
애견훈련원,1
휴대폰 판매직,1
방송 엔지니어,1
쥬얼리 shop 판매원,1
광고 디자인,1
섬유근로자,1
의류수선원,1
백화점캐셔,1
방문선생님,1
대학 산학협력단 직원,1
photographer,1
경량철골공,1
개인 사업,1
용접기사,1
건설현장 안전관리자,1
AE(광고회사),1
연구원(정부기관),1
법인체 병원 사무장,1
일반사무직 사무원,1
식품관련 교육업,1
패스트푸드점에서 서빙,1
요가사범,1
어묵공장 기계조작원,1
컴퓨터 설치 수리원,1
제품 영업사원,1
도예학원운영,1
법무사 사무소 사무장,1
주유소(주유원),1
오토바이 수리공,1
"경찰공무원,직업군인",1
주유소 운영,1
소프트설계,1
"부산 전기공사,전기기사",1
군인(공병장교),1
자영업(슈퍼마켓 운영),1
자동차 부품제조 조립(회사원),1
패션회사 알바,1
유통회사 영업사원,1
무직업,1
분리학원강사,1
"건설회사, 자영업",1
미술학원,1
주류배달원,1
"군인, 건설기술자",1
사무원(품질사무원),1
일반회사 영업사원,1
해양수산기술자,1
재활치료사,1
아파트 전기설비 관리원,1
목공업,1
"평생교육사, 직업상담사 등",1
자동차 부속품 판매업,1
제과점 제빵사,1
제조업 기능공,1
건설기계직,1
레져타운근무,1
제조업체 교육부서 사무원,1
급식납품업체운영,1
엔터테인먼트 대표,1
과학학원강사,1
화학제품 생산기 조작원,1
부산 시립 무용단 단원,1
경영지원팀 사무직,1
제화원,1
작물기계조작원,1
광고사,1
컴퓨터그래픽 영상 제작원,1
초등 교장,1
철강제조업체 생산직업,1
금호생명 농구단,1
사출업체 생산직,1
검찰청 공무i,1
첫 직장,1
"항공기 제작, 수리, 검사",1
미술품 유통업,1
교육과정 기획,1
회사현장(생산직)직원,1
잡화 판매업,1
볍률회사 사무원,1
레미굴 영업,1
주한미군 헬기 정비 군무원,1
대학 시간강사,1
호텔 디스플레이,1
"학원고객상담실(고객응대), 전화받기",1
"서비스업(음식점,유니크로 판매사원)",1
제조사원,1
통신긱 판매원,1
대학병원 피부과교수,1
직업동일(없음),1
"연구실,연구보조원",1
의류업체 생산직 사원,1
현대캐피탈 영업사원,1
식당조리사,1
인테리어 회사(구체적으로는 거절),1
고등학교 행정실,1
NGO 민간단체,1
대부 중계업체 영업,1
"동인고무벨트,생산부 부장",1
6급 보도사,1
한전 계량 입력.의료보험수가 입력,1
"기획자, 마케터",1
언론,1
대학병원 레지던트,1
보일러시공사,1
금융.세무회계 직원등,1
호텔안내원,1
샤니(제조생산),1
어린이집 조리사,1
언어재활사,1
유니시티 다단계 판매업,1
약품회사,1
"호텔컨시어지, 경영관리부",1
마트경영,1
통신기술연구원,1
아동심리상담사,1
"주부, 강사",1
"편집디자이너, 그래픽디자이너",1
건물도장공,1
자동차부품기계조립원,1
"학생, 대학연구원",1
선거관리 위원회 직원(단기),1
"총무부,회계담당",1
금형생산부,1
공장(생산직 회사원),1
공공기관사회복지사 민원상담,1
생산직 기계 조작원,1
방송분야,1
영업부서관리직,1
태권도학원 강사,1
복지사,1
"강사(=동일), 프렌차이즈(프리랜서)",1
의류매장 점원,1
전기공사업운영,1
벽지공사(도배공),1
정보시스템업,1
기계제조,1
프리랜서 가이드,1
구매 및 판매직,1
건설업 노무직,1
품질관리 부서 직원,1
카지노 근무,1
교육,1
UX / UI 디자인 및 기획,1
초등학교 경비원,1
수처리원,1
일반사무원(품질관리사무원),1
일반기업체 통신망 엔지니어,1
 초등학교 교사,1
무역회사 대표이사(HHKorea),1
음식점 직원,1
현재의직업과 동일,1
결혼상담원,1
호텔 조리사(요리사),1
금융사무직,1
광학,1
문서대행자,1
"촬영, 조명, 스태프",1
전문 혼례음식 전문점 운영,1
서비스직(교육강사),1
"제조,단순 조립원",1
기계 A/S기사,1
유통업(구체적으로 거절),1
기계 설계사,1
생산 현장 직원,1
영업용 택시 운전,1
통신판매직,1
자영업(구체적거절),1
"출판 잡지 등 근무, 대학 강의 십 수년.",1
영어과외교사,1
광고업,1
호텔관리자,1
유치원근무,1
"안전관리,인명구조요원,아웃도어 상품 마케팅,영업",1
봉제조업,1
품질 사무원,1
프로그램 제작자,1
생산직(부품 제조업),1
전기 공사 기능공,1
생수자영업,1
토목 관련 일을 했다고 함 (구체적 거절),1
음악감독,1
드레스샵에서 근무,1
"냉동, 냉장 공조기 설치 정비원",1
자동차회사회사원(사무직),1
차량 현대화 세일로,1
선교사,1
특허분석전문가,1
사무회계(행정),1
식품기계정비원,1
"연구,기술",1
홍보기획,1
금속제조,1
주유소경리사무원,1
증권회사(컨설턴트),1
공무원(동사무소),1
화해사랑,1
디스플레이 저품(패럴)제조 및 연구 기술 개발,1
제약영업,1
아동센터 복지사,1
백화점 안내데스크,1
환경영향평가사,1
섬유기계기사,1
인테리어 물품 판매자,1
"작감, 동화검사",1
사진관 사진촬영,1
해외영업업무,1
자영업(과일),1
공무 설비 운전 관리,1
다국적 정보통신기업의 한국대표,1
변동 없음,1
인터넷 강사,1
외과의사,1
회계팀근무,1
육군 항공부대 헬기 조종사,1
사다리차자영업,1
주류납품원,1
우유 대리점 자영업,1
네트워크 개발자,1
생산현장,1
농민,1
출판 편집자,1
미장원,1
한시 임기제 공무원,1
해운회사 사무직,1
전산관련업종(시스템 설계),1
피부관리실 운영 및 대학외래강사,1
회사원(품질관리사무원),1
트럭 운전 기사,1
교육서비스업 종사자,1
미술가(화가),1
도우미,1
정보통신기술자,1
축구학과 겸임교수,1
전기업체 기능원,1
피부미용사,1
대학교 박사 후 연구원,1
생산기술직,1
회사원(기술직),1
철근조립원,1
비행기 운행 사무소,1
"PC, Photoshop",1
(설계) 인테리어디자이너,1
영업관리 사무원,1
음악개인레슨 강사,1
자영업-휴대폰판매점,1
우체국 집배원,1
과제지원연구원,1
편집디자인(스티커인쇄/조판작업/CTP작업),1
임상 간호사,1
특수아동 언어교사,1
대추농사(과수작물재배원),1
제조회사 사무직 사원,1
영업 택시기사,1
의류판매매니저,1
전산시스템 분석,1
LG생산직,1
파이프생산공장 생산직 사원,1
로봇,1
학교 보조교사,1
식당(한식점) 운영,1
AE(동일함),1
대학병원전공의,1
음식업 운영,1
편집기자,1
식당(서빙),1
한식당 운영,1
가전수리업,1
쇼핑몰 운영,1
노점 판매가 아닌 판매종사자로 일함,1
제조업(자동차 조립원),1
전기부품영업원,1
식품제조업,1
전기 배관공,1
아나운서(앵커),1
마케팅 및 영업판매직,1
재무설계사,1
"은행쪽, 직업쭉",1
"병원영양사, 단체금식, 임상",1
자동차 조작원,1
식품도매업,1
자전거점운영,1
첫 직업임,1
의류 판매 사원,1
캐셔. 서비스업,1
유지원교사,1
화학물가공장치 조작원,1
이탈리아 음식 요리사,1
BJ,1
취업컨설턴트,1
"사무직(회계, 경리)",1
용역업체 직원,1
제조생산직,1
"방송아카데미 강사, 드라마 연출부, 공연기획",1
보험인수원,1
인쇄소 기계 조작원,1
게임서비스 종사,1
에어진시모델,1
브레이크 기계조작원,1
사기업 에너지 관련 연구원,1
현 직업과 동일,1
화물트럭기사,1
매장관리,1
"공공기관 근무,직업군인",1
없어,1
증권사,1
모름,1
미트판매원,1
식품영업,1
전기공업사 경영,1
연구원(인문과학),1
식당 홀서빙원,1
발전소 설계,1
사무직(사무원),1
영어학원선생님,1
사진업,1
사원,1
"식당운영,분식집",1
조경 회사원,1
건설자재원,1
수학 학원장,1
샷시시공원,1
회사원(구매부),1
회사원(총무사무원),1
자동차부품공장 다님,1
서비스업(구체적으로는 거절),1
반도체 장비 세정하는 일,1
가구생산직,1
"학생, 리포터",1
식품 자영업,1
일반사무직(사업관리팀),1
"지만, 지짐 회사 근무",1
과일배달원,1
무역 개인회사 사무직,1
구청 업무보조원,1
자영업(페인트 판매원),1
건설공사현장근무,1
홍보 대행사 직원,1
교사(컴퓨터),1
학술연구,1
양복 재단사,1
백화점 매장관리,1
보험회사근무,1
명품관매니저,1
속기사무소경리사무원,1
수협 사무직 근무,1
특수용접사,1
자가용운전,1
컴퓨터판매원,1
트럭 운전,1
미술기자,1
아파트 분양사 안내,1
건설회사 잡부,1
섬유 생산업,1
어린이집 영어교사,1
타금융권,1
펄프 및 종이제조장치 조작원,1
광고 대행사,1
총무 경리 사무직,1
보험회사사무,1
의류공장 캐스실작업,1
봉제사,1
타 방송사 편성국,1
광역의원,1
"프로듀서, 에디터",1
간판 설치원,1
청과판매,1
전자제품 포장,1
판매 서비스직(구체적으로는 거절),1
신발공장 생산직,1
제조업 생산직 사원,1
자영업(문구류),1
양복제조업,1
석재 조각가,1
원단판매직,1
전기선 배치,1
가스안전관리자,1
항공교통관제사,1
마트,1
어린이집보육교사,1
취업상담사,1
경리직원,1
기계(공작기계) 제작 직장인,1
일반기업비서,1
기계생산직,1
휴대단말기 기구 설계연구원,1
부동산 중개,1
휴머노이드로봇 생산 및 개발,1
패션회사 대표이사,1
"Plant 사업부문에서구조물 및 화학Plant 설계 및 제작관리, 공사관리",1
"친환경 동자재 개발,연구원",1
호텔리어(타호텔),1
전기유도로,1
한식조리원,1
대학병원 약국 보조원,1
프레스,1
전자회로설게,1
게임 기획,1
수산자원 조성(시설 및 환경 조성),1
학교 행정직,1
정육점운영,1
차량정비공,1
사단법인대표. 약사,1
백화점 의류판매원,1
정육점 운영,1
통계연구원,1
소방시설 공사업,1
제조업. 총무과,1
총무직원,1
건설현장관리,1
"디자이너 샵,의류",1
영상촬영 및 제작,1
식품 포장업무,1
IT,1
건설일반근로자,1
의료기기 판매 영업사원,1
소프트웨어 프로그램개발자,1
전화 업무원,1
사다리차 운전,1
여행사 바우처사업,1
해양 정화선의 선장,1
건설현장 인부,1
섬유회사사무직,1
제조업 경리사무원,1
"게임원화,아트디렉터",1
수영관련 직업,1
생산품질관리,1
판매점원,1
소각로 운전원,1
영업지원팀 사무원,1
인테리어업체 영업관리,1
화학회나 연구원,1
"선박수리일용직,용접",1
관리총무,1
"건설현장직,일용직",1
웨마케터,1
모델제작,1
대학생기자,1
"전기공사 감독, 유지보수",1
이니스프리 화장품 판매직원,1
섬유기사,1
대기업 연구원 (R&D)  사업개발,1
"교사(고교교사23년,대학교수10년)",1
자동화정비사,1
제과점 근무,1
"매니지먼트, 기획업무로 일맥상통",1
사법연수생,1
디자인관련 사무직,1
중학교 시간강사,1
드라마작가,1
매표담당,1
음식점배달,1
웨딩샵,1
차량정비,1
"농협(금융, 구체적으로는 거절했음)",1
부족,1
"경리부,출판편집",1
양식업,1
요리학원생,1
서비스(식당서빙),1
"회사원,제조업",1
시설관리회사(사무직),1
매장관리. 자재관리,1
신발공장,1
건설자재 시험원,1
"잡지사 기자, 글쓰기, 논문 선생님",1
해군 전탐부사관,1
조원사,1
제조업체 생산관리부 근무,1
00마트 배송직원,1
부품조립 검사원,1
건설현장노무자,1
판매원(의류업체),1
IT계열 기획,1
프로그램PD,1
기간제중등교사,1
법무공무원,1
교육(영어 방문 교사),1
공구판매원,1
OO그룹 전략기획실 PI추진팀,1
승강기 설치,1
교육방송 영어교육 전문가,1
금융감사업무,1
관광버스승무원,1
이삿짐센터(자영업),1
"주방용품 생산,기계조작원",1
조선소 케이블포설,1
교수님,1
판매업(슈퍼마켓),1
캐드사,1
병원간호원,1
시나리오작가,1
증권사연구소,1
레미콘 운전원,1
미용실 실장,1
브랜드 디자이너,1
산업안전 용품 판매 직원,1
비철금속 재련 연구원,1
"웹디자인, 편집디자인",1
의류매장 관리,1
간호사(산업장),1
육군 헬기 조종사,1
개인농장 운영,1
자동차 부품 기계 조립원,1
전기공사 시공관리,1
견인차,1
기계 제작,1
빌딩경비,1
판매아르바이트,1
건축사 겸업,1
토목회사 나무병원수목치료기술자,1
일반 행정 공무원,1
촬영보조기사,1
마을버스 기사,1
쇼핑몰 직원,1
소아과 병원,1
"총무,사무원",1
보험 판매직,1
통신개발 연구원,1
치과 의료기기 업체 영업팀,1
건설회사종사,1
인턴사원,1
석유제조 기능원,1
배관,1
디자인문구 기획자,1
영업직(거절),1
"자영업,도소매 판매업",1
스튜디오,1
"마케팅, 기획팀",1
"사무직, 프로그래머",1
건설 현장 일용직,1
"자영업, 호텔조리사",1
백화점보안,1
시공회사(건설회사),1
일용직 건설 농동자,1
빌딩관리실 기계과 근무,1
뮤지컬배우,1
공군 항공기 군관제사,1
환경미화원,1
딜러,1
중국어 가이드,1
비선관,1
기계실 사무원,1
통신기기 판매직,1
건설 현장기사,1
태권도 체육관 관장,1
대형마트 배달원,1
엑셀,1
조명기구 납품원,1
연극강사,1
"직업군인,공군,회사원",1
"회사원,사무직,인포메이션",1
건설 경리직,1
호텔조리사,1
건설회사 임직원,1
정수기코디네이터,1
자영업(잡화),1
보안 운영자,1
원양어선선원,1
"쇼핑몰회사(cs상담,홈페이지 관리,재고관리 등)",1
건설회사 경리직,1
제조업 품질관리원,1
통신공,1
조선업관련 일을 했다고 만 함,1
국어교사-언어전문연구직공무원,1
"총무사무직(급여계산, 인사관리)",1
"전기공사, 결선·단말",1
아르바이트생(학생때),1
특허업무(사무),1
개그맨(SBS특채),1
신발제조업(생산직),1
제조업에서 근무,1
생산직근로,1
"간호사,조산사,사정간호사",1
운송 사무원,1
"홍보 대행사 AE, 리포터, MC",1
의료기 판매,1
조리사보조주방장,1
해양운송업,1
"자영업,여성의류판매",1
화장품매장판매원,1
전기 설비,1
식당조리원,1
원예 치료사,1
신문배달,1
아파트 전기담당,1
의류장사,1
소프트웨어 검증,1
액세서리 판매,1
이불 판매원,1
옷가게(자영업),1
학생 대학원생,1
인사부직원,1
전입주부,1
장례보조도우미,1
마케팅관련(행사/홍보),1
"금융,퇴직연금",1
서비스업(전기용품판매서비스),1
교육기관 연구원,1
금융건 전산직군 근무,1
반도체 설비 유지보수,1
식품판매원,1
가구 상품 기술 개발,1
오토캐드 강사,1
토목회사(건설회사)공무직,1
동일 = 수선 재단,1
건설자재 영업,1
"도매업,경리사원",1
회사원(관리과 사무직),1
같은 식품회사 기계조작원,1
일반기계부품조립원,1
유통업체 물품 정리원(매장정리원),1
"사무직, 회사원",1
수의공무원,1
철강제조업체 자재관리사무원,1
전문지도자,1
프로트안내,1
"세일즈, 영업사원",1
전자 보안 전문가,1
한전 검침원,1
개인걸물청소원,1
미술큐레이터,1
화장품 영업 판매원,1
판매원(영업직),1
해외무역 바이어,1
뮤직비디오 제작사,1
식당배달,1
컴퓨터 A/S 기사,1
의류검사원,1
의류판매 서비스직,1
군인(항공기조종),1
선수(씨름),1
노동(건설)일용직,1
경영 컨설턴트,1
건설업종 단순일,1
사무직(이전 직업 현재직업과 무관),1
청소년 지도사,1
보건소-운동처방사,1
생산원,1
이수치과과장,1
이불판매원,1
병원코디네이터,1
일반회사 프로그램 사무,1
패션(의류)업,1
영어개인교사,1
학생 및 아르바이트,1
사무(통신업체 기획부 근무),1
영상제작,1
전기 안전 점검,1
사회조사 연구원,1
"전자제품 기능공으로 일함, 생산회사에서",1
외래강사(대학)대학시간강사,1
자동차 생산직원,1
잦동차영업판매원,1
상담가,1
어업지도원,1
제조업 경리사무직,1
하드웨어 회로설계,1
영농인,1
독서논술강사,1
화약주임(발파),1
공공기관에 근무,1
SI 업체 근무,1
설계직,1
보험회사영업직,1
애니메이션 프로듀서,1
경리(사무직),1
유통업 아르바이트,1
플라스틱제조조작원,1
지물포 직원,1
경영관리고문,1
전자대리점,1
제조기업의 마케터,1
학원선생,1
제품구매 담당 관리자,1
정보통신회사 근무(SI 등 개발/컨설팅),1
"뮤지컬배우, 방송PD",1
학교 선생님,1
건설 토목관련,1
건설회사에서 영업직,1
금융컨설턴트,1
총무 관리 사무원,1
"방송 외주 프로덕션 방송제작 staff, 드라마 조명팀",1
치킨집사장,1
"직업군인,보험회사 설계사",1
시설 관리 업무,1
"만화, 애니메이션 그림",1
건강기능식품 개발 연구원,1
가스배달일,1
안무사,1
금융업 근무,1
청호나이스 정수기 관리사원,1
"건설업,경리사무원",1
보험회사 영업직,1
농업컨설팅,1
관광협회,1
제조업 기능직,1
매니지먼트 매니저,1
피아노 학원 강사,1
진주시립문화회관 단원,1
무대 장치 스텝,1
식당운영(대표),1
한솔영어교사,1
다른공공기관의 연구원(교통),1
문리 학원강사(국어),1
"한국전력,한수원",1
래프팅가이드,1
안전협회,1
피부관리. 화장품 판매,1
병원응급실,1
제조회사 연구원,1
자영업(음식점)분식,1
핸드폰 영업직,1
회사원(한국노동연구원),1
Q.C,1
대학원 박사과정,1
노가다 건설(현장직),1
판매직 사원,1
농기계수리공,1
신발제조조작원,1
교직원(기술직),1
보험 영업관리 사무원,1
군청행정공무원,1
컴퓨터 수리원,1
"교육관리,연구원(동일)",1
"목공예 조각, 건축모형, 얼음조각",1
무역회사 무역사무원,1
중소업체 관리부 업무,1
쌀가게,1
육군장교,1
정보통신 관련 네트웍 구축,1
정보통신설비 관리자(전산실),1
생협 캐셔,1
이전과 같음,1
봉제,1
양복점운영,1
"품질관리자, 관리자",1
신발재단사,1
전기 공사 원,1
장례 도우미,1
의료코디네이터,1
KT공사 기사,1
잡지사 주간,1
식당일함,1
하드디스크 개발자,1
"파티쉐, 택배회사",1
"웹디자이너,MD",1
적산,1
건축일용직,1
경영컨설턴트,1
텔레마케터(보험),1
정부산하기관 소속 직원(KIBO),1
설계사무소 사원,1
전산직사무원,1
같은업종근무,1
투자 기획자,1
형광등 회사 연구원,1
간판제작업운영,1
중소기업 사무직,1
"인쇄업,자영업",1
가수 배관 설치,1
편집사무원,1
생산설비 관리자,1
동일직종,1
개인사업(요식업),1
건설회사 조경 담당 기술자,1
판매직(파트식육코너 판매원),1
전자업체 생산관리부 근무,1
주차장관리,1
"방송국FD, 공항",1
"성폭력 상담사,사회복지사",1
대형마트관리직,1
"자영업(도, 소매업)",1
필라테스강사,1
여객버스 운전,1
가구 제품 디자인,1
가수 연습생,1
커피숍운영,1
문서교정원,1
시공회사,1
샷시공장,1
메이크업 프리랜서,1
세탁소운영(자영업),1
체육관 근무,1
포장디자이너강사,1
운송사무직,1
양장점 운영,1
게임 AS 엔지니어,1
게임 기획자,1
생산직 사원(구체적 거절),1
무역영업원,1
가구 업체 직원,1
설문조사원,1
영업교육,1
중등교원,1
"은행원, 총무팀",1
판매자,1
건설 관리 업무,1
목공소,1
동일 직종,1
경영지원부 -&gt; 사무부,1
호텔웨이트리스,1
태권도장 운영,1
"석재사용회사(무역, 자재관리)",1
건설기계 조립원,1
설계사무실,1
무역회사 대표,1
타사(보험회사) 총무(사원),1
신발공,1
원양어선 선장. 항해사,1
"자영업,의류 판매",1
세무사사무실 직원,1
전자제품 생산조립원,1
건설업 일반 직원,1
연구원(없다),1
상조회사 직원,1
백화점 보안요원,1
커피숍 아르바이트,1
전세서비스 운전,1
식품제조회사 Q.C,1
동일직업(사육사),1
목재소,1
기계 가공,1
상담심리사,1
미용실 근무,1
"무대감독, 콘서트기획연출",1
실내코디네이터,1
자동차분야의 연구원,1
"농기계 정비,수리",1
전자 전기 연구원,1
건설 회사 : 경리부서근문,1
물류하역알바,1
건설기계장비조립원,1
해바라기 센터 상담사,1
건설회사 시공관리자,1
판매직-백화점,1
"랩탑컴퓨터, 태블릿PC, VMFLSXJ",1
독서 논술 지도사,1
"심리상담,진로코칭",1
"건설회사(노무직, 현장직)",1
자동차 딜러,1
영업용 택시기사,1
기업인,1
안과원장,1
"제조회사,기능직",1
회사택시기사,1
대학병원레지던트,1
데이터분석가,1
유통회사 관리직,1
"어업, 항운노조, 지게차운전, 자영업",1
믹서트럭운전,1
일반사업체 기획 업무,1
모피제작기능원,1
자영업(커피판매),1
중고자동차 매매상사 운영,1
QC검사,1
공장에서 현장직(신발제조 기계조작원),1
"편의점 아르바이트,캐셔",1
단순업무,1
기계수리업,1
전철 야간미화원,1
건설회사 현장일(단순),1
우유배달,1
"유통업,경리사무직",1
냉동공조기 설치 및 정비원,1
라디오PD,1
보안경비관리사무원,1
세무사무직,1
증권사. 리서치센터,1
"전문상담사,아동,청소년",1
홈페이지 개발자,1
영상편집/ 포토그래퍼,1
공공기관사무직,1
유흥업소 경영(노래방 경영),1
진주부지사,1
생수대림점운영,1
궁궐문화재 강사,1
방송장비,1
보험회사 총무(사무직),1
항공사정비,1
스님,1
제조업(용접공),1
웨딩사진 촬영기사,1
NMD,1
댁학원생,1
대학병원 일반의사,1
남성의류판매원,1
주방 보조직,1
자원개발분야 연구 및 탐사,1
자영업(통닭집),1
전자제품 대리점운영(부모님운영),1
광고회사 사원,1
관광호텔매니저,1
개인 회사 사무원(경리직),1
총괄관리자,1
"영어선생님, 아트 매니저",1
자동차부품 제조업 생산직,1
철도공무원,1
우체국택배,1
자영업(PC판매),1
이전 - 브랜드 총괄 디렉터,1
사운드엔지니어,1
무역업(회계파트),1
여행컨설턴트,1
노점상 상인,1
공장일,1
정보통신공사 분양중 AV,1
은행 청원 경찰,1
"제조업,회사원",1
일 식 중 회사에서 근무,1
식품회사 영업직,1
가전A/s기사,1
가방공장 대표,1
일반 세일즈맨,1
수영코치,1
가방 생산직,1
예식장 안내원,1
점토생산기조작원,1
예술행정업무,1
건설단순노무직,1
재봉기술자->재단사기술자->자영업,1
이사장,1
통신회사 A/S기사,1
금속관련기능직,1
의료기기 영업사원,1
하이마트 기사,1
구매팀매니저,1
회사 관리직,1
태권도사범,1
식당매니저,1
음료회사 배달원,1
두부제조업체 기계조작원,1
도시계획연구원,1
목공사,1
식품 제조업 현장 판매원,1
국가대표,1
조리사보조원,1
회계 파트,1
토목감리 기술자,1
48년 ~현재,1
Book 세일즈,1
"건설회사 직원,현장소장",1
내공조기A/S기사,1
사무원(총무관련사무원),1
"항해사,선장,심판관",1
전기회사 부품 조립원,1
전시기획자,1
PCB 제조관리,1
반도체설계,1
섬유제조 생산직,1
기회 및 전략. 이러닝 설계,1
"네트워크 서버운용 및 동영상관리(광고관련), 사내PC유지보수관리",1
"무술연기자, 대역배우",1
요가보조강사,1
작곡가지망생,1
철도 관련 사무업,1
연구원(식품공학),1
단순노무종사자,1
서비스직(구체적으로는 거절),1
직물공장 품질관리원,1
방송국MD,1
휴대폰 사무직,1
펀드메니저,1
체육관 사범.덤프기사,1
각종 조명기구 배달 및 설치,1
제조(태양전지 제조),1
유치원 교사(어린이집),1
사업체(기업)강사,1
화재보험 영업직(판매),1
샐러리맨,1
입시학원 국어강사,1
고층외벽 작업원,1
일반회사 경영업무,1
건설 회사원 영업,1
"농업,축산",1
타 방송기자,1
"시간강사,",1
계속 교사,1
공사현장 물건나르기,1
전기감리기술자,1
토목 시공(건설회사),1
컴퓨터 정보통신사,1
자동차제조업 생산직,1
오락실운영,1
"회사원,염색,기능직",1
인테리어 보수공,1
새시공장 직원,1
회사원(경리),1
스프츠 강사,1
소음측정,1
학원일 계속함,1
공구판매대리점 운영,1
학습지 판매원,1
일반 기계 조립원,1
판매영업사원,1
"회사,택시기사",1
취업 알선,1
"UX디자이너,UX디자인 연구소",1
2D애니메이터,1
예식장 운영,1
대학원 석사,1
이동통신업체 A/S기사,1
제조공장 관리,1
직장회사원,1
보일러 설치원,1
출장 블랙박스 설치원,1
백댄서,1
건설현장노무직,1
현대자동차 카센터 수리공,1
귀금속 가공,1
건설업 단순노무,1
보험 사무원,1
세차장 근무,1
수화통역사(수화통역센터)/사회복지사(복지관)/뉴스 수화통역사,1
회계관련 사무직,1
자동차부품 기계조립원,1
일용직 잡부,1
케이블방송 MC,1
기계 영업직,1
"PC, 한글 워드",1
"회사원,기술직",1
철강업,1
금융자산운영가,1
행사진행,1
보일러 AS기사,1
"사회복지사,청소년 상담사",1
전자부품조작원,1
시스템 개발자,1
번역사무소근무,1
회계법인 근무,1
구조안전진단,1
공무원 행정직,1
택배사원,1
ERP시스템 유지보수,1
생산관리 사원,1
공도구판매 (공구),1
자동차용품 자영업,1
플라스틱 제품 기계조작원,1
영업택시기사,1
"거울, 오디오, 의상",1
컨텐츠 기획자,1
디자인 관련업,1
LG 상담센터,1
대기업 생산부장,1
자동차 업계 품질관리팀,1
건설 노동자,1
매장관리 및 판매,1
"네트워크,보안",1
무대조명,1
컴퓨터 판매,1
(경리)사무직,1
광명시장,1
음식점업,1
현직과 동일,1
환경정비,1
회사원(세일즈),1
서비스직(레스토랑 서빙),1
"SM전기,전기공사업체에서 공사담당,전기기사",1
정신건강사회복지사,1
건축현장잡부,1
마트 고객지원실 근무,1
직장인(유통업),1
교통교육,1
"전문무용수, 대학강사",1
세무공무원,1
예술활동지원,1
철강회사에서 SH라인(샤링)전단공정 생산직에 종사함,1
품결관리 엔지니어,1
광고매체사,1
사무직(구체적인 것 거절),1
사보제작,1
일반사회복지사,1
처음부터 보청기만 접했습니다.,1
과일장사(가게함),1
"백화점 의류판매원, 도서물류업체 입/출고",1
애니메이션 디자인,1
신발가게운영,1
카드 상담원,1
통계 연구원,1
광고대행사 사무직,1
사무지,1
출납창구 사무원,1
어린이집 교사(아르바이트로),1
"음악학원 운영, 사진기자",1
FA,1
설비업체운영,1
제조업체 총무,1
앱 개발자,1
건축 일용직,1
회사 기계실 근무,1
출판 편집원,1
선박수리공,1
무역회사 경리,1
병원원무팀근무,1
보일러 수리요,1
조명기구 제조,1
쇼핑플래너,1
가전대리점,1
제조회사 전산실(프로그램개발),1
예술교육,1
소음진동 측정분석원,1
건설현장직(잡부),1
전자부품 공정관리,1
강원도 삼양라면,1
금속가공업체 근무,1
기계제작업무,1
여행가이드 겸 여행상품 개발자,1
플래시 개발자,1
유지보수 및 보수품 제로업(고속차량 및 철도),1
은행근무,1
"철강제조업,생산직",1
금속회사 현장직,1
주유원 알바,1
공연예술팀원,1
중등학교 교사,1
공장전기설비관리,1
오토바이 판매및 정비사,1
컴퓨터학원운영,1
서비스업 사업,1
"우슈 체육관 사범, 선수",1
그릇 소매업(자영업),1
홍보회사 AE,1
인쇄사직원,1
식품공학 시험원,1
콘텐츠개발자,1
보험회사 컨설팅,1
과일도매상,1
홍보영업직,1
건설업체 현장기능공,1
운송,1
법무 사무원,1
하나은행 은행원(차장),1
it 프로그램 엔지니어링,1
편의점 판매식,1
선박 통신장,1
중학교 교사 기간제,1
경비,1
자동화설계,1
이마트판매원,1
연구원(Full time researcher),1
사무직(병원),1
"베어링 사출, 현미경 검사, 택배상하차, 열선작업, 실리콘 코킹 현장일등",1
가전회사 영업직,1
호프집 서빙,1
유치원보조교사,1
수학 강사,1
사업 경영팀 사무원,1
"Echo technician, Registerd-RN",1
공사 직원(준공무원),1
마트직원,1
인바운드 상담사,1
소방헬기 조종사,1
마트 야채 판매업,1
컴퓨터 학원강사,1
연구소직원,1
개발업무,1
의류 도매,1
인테리어 가게,1
철강제조업체(생산직),1
도서영업,1
화장품 연구 보조,1
전임감사교수,1
연극연출가,1
"기획,디자인",1
택시 운수,1
부동산중개사,1
건설일용직 노무직,1
생정실 관리자,1
제조 및 제직기계조작원,1
안전관리회사 자영업,1
LH 토지주택 에너지 연구원,1
네트워크관리자,1
직업군인(장교),1
보험추심원,1
제조업-&gt;생산직,1
생산직(신발제조기능직),1
"프리랜서,분양상담",1
일본어 학원강사,1
제조업(금형기계조작원),1
제자양성,1
서비스 직종,1
"대학강사, 프로그램개발",1
영상편집 및 제작,1
개인용달,1
주차관리원,1
철도청근무,1
보험금 지급심사,1
유아복 디자이너,1
공무원(검사),1
용달기사,1
"동일,건설업",1
웹 제작,1
일반의,1
경리부 부장,1
스피치강사,1
제조업 종업원,1
부두청소원,1
아동상담사,1
농자재 판매(자영업),1
현장 설치,1
광기사,1
자영업(과일장사),1
고등학교 기간제 선생님,1
"아트믹스, 더위즈, 사운드S",1
금호와이어연구소,1
석동,1
백화점판매,1
군인 (기갑장교),1
전자 장비 수리 언제니어,1
"외국계기업의 영업본부장, 중견그롭사의 CEO",1
정보시스템전문가,1
타일 접착,1
양복,1
요식업체 아르바이트,1
"무용강사(학원, 문화센터)",1
타회사설치기사,1
"연구원, RA",1
"아웃도어 업체 A/S,판매 담당 직원",1
토목회사 사무직,1
선박기관원,1
학원수학강사,1
회사(디자인)근무,1
사무직 인사팀 근무,1
경비업체 사무원,1
일문학,1
세탁원,1
배드민턴 운동선수,1
콘크리트 운반,1
"대통령 비서실, 인사수석",1
정부연구기관 연구원,1
종병전공의,1
환경기계 제작,1
약퓸도매상,1
관리사무직,1
주차관리,1
편의점판매원,1
특수교육상담사,1
경비업,1
학원장,1
채권업(구체적으로 거절),1
영화관 관리자,1
오토바이 제조,1
전기부품판매점 운영,1
통신 프로그래머,1
중공업 연구원,1
꽃꽂이 강사,1
쇼핑몰 상담원,1
증권중개,1
여성의류 판매,1
it개발자,1
"자영업,바리스타,의류판매원",1
덤프트럭 운전기사,1
시설관리공단,1
금속 공학 연구원,1
플랜트 전기공사 계획,1
건설사업,1
자영업 하기전에는 중장비 기사로 일함,1
일반강사,1
전기관련기술직 이라고만했음,1
광주 보건대학교 강사,1
섬유계통 생산직,1
꽃배달 서비스,1
UFX 디자이너,1
편집기획,1
사무직(스포츠용품 제조업체 경리),1
환경관련업체근무,1
도장공만 함,1
정보시스템운영자,1
건축설비 시공 기술자,1
"영업직,문구류",1
정보통신 기술자,1
판매원(농기계 판매원),1
웅진 코웨이 지부장,1
교직,1
매장관리서비스,1
건물청소관리직,1
알바(서비스직),1
영업관리 사무업,1
통신 수리기사,1
여행사 사무직,1
"기계정비, 안전 및 품질관리",1
회사원(프로그래머),1
"박물관,학예연구원",1
사진현상,1
반도체 자동차 설비 SW 유리보수,1
영업직(건강식품),1
간호사와 대학겸직교수,1
정비,1
자동차제조회사(생산직),1
면세점판매,1
건축시공담당,1
가전제품 판매사원,1
조선소현장직,1
무역회사 총무직,1
"중계기 유지보수, 운용, 개발",1
음악교사,1
무대 스텝,1
관리부 직원,1
쇼핑몰 안내방송,1
스타벅스 알바,1
의류판매서비스직,1
건축자재영업,1
회사원(자동차영업사원),1
가정A/S기사,1
건설관련 직종 사무직,1
유기농법 농사,1
현대로템,1
군관제사,1
암출 생산직,1
공장 전기사 근무,1
물류,1
회사원(부품회사 생산직),1
헛 소리나 하지 말라. 작가의 원고료 수입이며 원고를 소비할 걱정 해 보았나?,1
주방(조리),1
도시계획엔지니어,1
IT기술지원,1
조선설계,1
Pilot,1
해양연구원,1
전기설비원,1
동종업계 근무,1
해어샵 운영,1
매장 점수,1
오피스 사무원,1
카메라 맨,1
엔지니어(기계공학) 풍력발전기 개발,1
"의류,인터네쇼핑 운영",1
보건업,1
결혼식장 상담원,1
행정,1
동일(학원강사),1
전기기기 설치,1
(음식점) 서빙,1
건축현장,1
구조해석,1
대기업 기획,1
운수회사 회계팀 직원,1
생명보험 지점장,1
"사무직,영업직",1
편의점직원,1
수질환경관리기사,1
공사장 목수,1
"공기업 직원, 학원강사",1
Firmware프로그램 개발자,1
반도체 FAE,1
영업용운전기사,1
분식식당운영,1
영상기사,1
공사.공무,1
광고,1
제조 단순 조립원,1
주방 보조원,1
조리사보조원(주방보조원),1
구매관리자,1
자동차 부품 생산업체 개발업무,1
대기업 사무원,1
동종계통(문화예술) 사무직,1
기장공,1
단순 기계 조립원,1
방송연출,1
태양전지 연구개발,1
영상엔지니어,1
교감선생님,1
박물관 학예직 연구원,1
학원 수학 강사,1
입시학원,1
금속가공조작원,1
마트CASH,1
건설회사 공무,1
직물회사 운전 납품 기사,1
"사업,가방재조",1
방송촬영,1
수질연구원,1
전자제품 기계조작원,1
"연구, 개발",1
회사원(총무관련 사무원),1
정보통신사 부장,1
cad프로그래머,1
도서총판직원,1
보일러 설비,1
보안직종,1
기사,1
섬유기계 조작원,1
방송 송출 기사,1
설비업체 운영,1
한국 통신공사,1
soft ware 개발,1
시청 공무원,1
예술단 단원 및 안무 연출자,1
중장비 지게차 운전원,1
분식당 운영,1
웹광고기획,1
회사원 (기계제조업체 경영지원부 근무),1
의류업체 판매직,1
자영업 - 홈쇼핑 화장품,1
서비스업종아르바이트(판매),1
서비스 업,1
자동차부품 생산원,1
컴퓨터 수리 및 판매,1
같은계통의 도매상운영,1
디자이너(광고),1
면세점 서비스직,1
영업직원,1
화학 약품 판매원,1
세무회계,1
요식업종사자,1
건설업무,1
전기감독자,1
병원 원무 과장,1
회사원(기능직),1
경남도 기관장,1
"의무기록사, 클레임심사(보험금심사)",1
신정내과부원장,1
홍보마케팅 사무원,1
건재상,1
"국방부 육군, 헬기조종사, 소령",1
인테리어 직원,1
전자계측제어 연구개발 연구원,1
매봉사,1
종합병원 근무 (병동),1
영업 등,1
헤어 디자이너,1
연출/기획자,1
일본어강사,1
홍보팀 사원,1
샘플실 실무원,1
연구 조교,1
system developer,1
조사전문가,1
자동차부품 제조업 생산기술부,1
"시스템 개발, AS 업무",1
재무설계,1
박스제품제조업,1
컴퓨터회사의 개발팀,1
의류제조기계조작원,1
현금수송업,1
보험설계자,1
"인문,예술,Propramer(PM)",1
버스터미널 예약발권팀,1
섬유제조기 조작원,1
공공기관(공무원),1
프런트,1
내과의사,1
호프집운영,1
목회자,1
패턴보조,1
은행원.,1
극단배우,1
경영컨설팅 전문가,1
식품기계조작원,1
조선업,1
보육공사,1
ㅎ,1
없다(첫직장),1
실험원,1
문화센타강사,1
양복점 재단사,1
코미디언. .개그맨.,1
섬유관련연구소 연구원,1
민간 헬기/비행기 정비사,1
싱크대 시공,1
외환실무무역,1
없음 (학생),1
서비스종사,1
철도 신호 설비 유지 보수,1
공군 부사관,1
버스,1
IT 프로그래머,1
여론조사 전문가,1
한식 식당 운영,1
산소발생기 제조업 기술연구원,1
웹프로그램 개발자,1
광역단체장,1
"예절교실 강사(초,중고)",1
도로 공사 계약직,1
액스트라,1
농수산판매,1
봉제공장 생산직,1
학교 강사,1
프로젝트엔지니어,1
UX/UI,1
조리학원강사,1
자동차 부품 제조업 타사,1
호텔,1
보험회사 영업사원,1
tower Records바이어,1
판매직(가구),1
증권중개인,1
"가사,주부",1
물류센터 근무,1
과일 판매직,1
홍보마케팅,1
"합창단원, 보육교사",1
자양업,1
신발제조업(조립원),1
교육기관 교직원(대학교),1
"보일러,공조기,냉온수기 세관 및 서비스업",1
건설현장 노동자,1
사회복지 행정사무원,1
섬유제조기업 기술연구소 연구원,1
한복기능사,1
기록지,1
오디오회사 사무직,1
프로선수,1
FPCB 출고직(영업관리),1
금형제조생산직,1
현재 직업과 동일,1
애견샵 직원,1
요식업 직원,1
동일 함.,1
회계법인 직원,1
인쇄소근무,1
울산 중공업 노동자,1
자전거 판매업,1
호텔경영 컨설팅,1
소프트웨어QA,1
해외시장조사 사무직,1
포장마차,1
교육관계,1
반도체 장비 조립,1
웨딩홀 상담사,1
지금 직무(엔지니어)가 첫 직업입니다,1
돌잔치사회자,1
웹디자인 기능사,1
식당써빙,1
인테리어업,1
경비업체직원,1
증권사 법인영업부(법인브로커),1
카센타,1
장애 어린이집교사,1
FC,1
섬유디자인,1
오토바이 판매상,1
섬유 생산직근로자,1
조무사하다 대학가서 치과위생사 면허증을 땄어요.,1
제과제품 개발연구소 연구원,1
공무원(초등교사),1
증권사 투자상담사,1
신발제조기능직,1
공무원(특허청),1
중국집주방장,1
"농아인협회직원, 수화전문교육원강사, 보육교사",1
공립학교 교사,1
생산 제조,1
사무직(서비스업),1
음식점 조리,1
제화판매원,1
타이어 연구원,1
물류창고,1
"캐드,KNCM",1
하수처리장,1
현장일용직,1
통신공사 사무원,1
영업부 회사원,1
"대학생,보험회사 총무,청능사",1
로케트 밧데리 기계 설치원,1
통신 장비 설계,1
병원코디,1
제품 검사,1
축산물 품질평가 업무,1
CS강사,1
"편집디자이너(출판, 광고 편집)",1
상품MD,1
"자영업,꽃집",1
방문 판매사원,1
신발판매,1
동종업종에서만 근무,1
웅변학원강사,1
무대기술팀,1
Process Engineer,1
KT공무부통신기술자,1
소프트웨어 프로그램 개발자,1
제조 공장 근무,1
"사무원(총무, 사무)",1
배관보조공,1
세공사,1
"제조업(IT관련 신제품 개발, 평가)",1
슈퍼경영,1
에이전시,1
이사보조(단순용역),1
페차장,1
"서버,ERP관리 엔지니어",1
"통신사지사,CMS관리사원",1
무역회사,1
서비스유통업,1
구조설계 엔지니어,1
초등학교 방과후 강사,1
직업군인(잠수),1
자영업(생선판매업),1
간판공,1
정보통신회사 연구원,1
제품설계,1
방과후 보조교사,1
정수기 회사,1
동종직업,1
세무관련,1
건설업 관련,1
대형트럭운전,1
단순건설 현장 노무직,1
이발소,1
악기 제조사,1
게임.그래픽디자이너,1
기계실 근무,1
화물트럭운전,1
선박안전기술공단의 선박검사원,1
지재사무원,1
박물관 안내원,1
전기배선원,1
영업부장,1
원양 상선 항해사,1
폐수처리 관리 업무,1
제조업 사무직 근무,1
스키강사,1
철강 관련 설비 연구,1
고위관리자,1
건축 설계 기사,1
고층 외벽 작업원,1
청과물 소매업,1
게임회사 경영지원,1
구두가게 관련 자영업(구두가게 대리점),1
여행서비스업 관련 직종(사업자),1
제품단순포장원,1
"자동차회사,생산직",1
측량기사 전기 설비 기사,1
골판지 제조-종이제조,1
식음료알바,1
박사,1
약국 전산원,1
마트 판매직,1
경영기획관리자,1
판매서비스걸,1
지방공공기관 팀장,1
제조업체 경리 사무원,1
프리랜서 방송인,1
유치원 레크레이션 강사,1
마트관리,1
야채판매직(리어카에 야채/채소 실고 판매하는 것),1
에너지저장치개발,1
비행기 부품 제조업 근무,1
식당서비스업,1
패션학원 강사,1
마사지사,1
인사과사무원,1
군인(헬기 조종),1
잡지사 편집실 근무,1
섬유회사 품질 관리원,1
양조기술자,1
건설시공 관련 사무원,1
대한항공배구선수,1
인사관리 사무원,1
일반 회사 사무직,1
IT회사 사무원,1
무대연출팀원,1
비정규직 시설관리원,1
시공담당,1
음식점 경영,1
치킨집,1
이것저것,1
휴대폰 개발,1
양품점(의복판매),1
애완동물관리사,1
방과후 체육강사,1
바이올린 개인지도,1
일반개인회사 관리부,1
"어업,어부",1
사무직(구체적 거절),1
애견샵 판매직,1
의과쪽 연구원,1
해운회사 운송사무원,1
우체국 사무직,1
추심원,1
도서관 기간제근무자,1
찬모,1
건축관련,1
고장현장에서 일함,1
패션(구두)디자이너,1
소재개발 연구원,1
영업 사원,1
본부장,1
기획팀장,1
유통판매직,1
"핸드폰, 서비스업",1
의료 판매원,1
농촌공사 근무퇴직,1
사무직(정년퇴직),1
건축설비 기술자,1
구리종합복지관주임,1
학습지선생,1
보험회사 지점장,1
건축자재,1
식당운영조리업,1
정보통신 정비,1
기계부품 판매원,1
벽지(사무실),1
일반경찰관,1
선박관련쪽(구체적으로 거절),1
물건납품대행,1
사회복지사업ㆍㆍ출판ㆍ강의,1
잉크개발자,1
연구연,1
단순노무직(건설쪽),1
요식업 CEO,1
서비스업 관리담당,1
SW개발자,1
웨딩pd,1
기계제조회사 사무직,1
섬유 업체 관리,1
스포츠맛사지사,1
철도 공무원,1
일반회사 관리부,1
지방회사 연구개발직,1
행정부서,1
통신기술자,1
유리가공,1
조경수재배원,1
한의원 한방병원직원,1
철강제조회사생산직,1
물류센타 운전원,1
샵매니저,1
군인(육군 장교),1
호텔설비스,1
전기배선기사,1
택시운전자,1
회사원(신발가계 전직원),1
총무사원,1
경리부직원,1
자영업(마트운영),1
운수,1
병원 코디네이터,1
퀵,1
가전제품 판매점,1
병원원무과 직원,1
학새,1
육류 판매원,1
음식서비스원,1
제화수선원,1
회사원(구체적으로는 거절),1
부품 생산직,1
판매 종사자,1
직장 관리직,1
